ID_Cultivo;Nombre;ID_Campo;Campo;ID_Lote;Lote;Actividad;Actividad;Especie;Especie;Has a aplicar;Hectáreas;Puerto;Hectáreas Sembradas;Hectáreas Cosechadas;Puerto;Distancia Puerto;Código Sima;Coordenadas;Activo;ID_Dimension;Dimensión;ID_IT_Dimension;IT_Dimension;Socio;Ciclo;Peso 1000;Densidad;Ańos Rot/Dir;% E.G.;Antecesor;Pl.Nacidas;Pl.Cosecha;Nitrógeno PPM;Nitrógeno KG;Fosforo PPM;Fosforo KG;Materia Orgánica Sulfato;Materia Orgánica Total;Nitrógeno PPP 0-20;Nitrógeno KG 0-20;Nitrógeno PPP 20-40;Nitrógeno KG 20-40;Nitrógeno PPP 40-60;Nitrógeno KG 40-60;Azufre PPM;Azufre KG;Personal Responsable;Hectáreas Perdidas;Hectáreas No Cosechadas;Responsable;Zona;Categoría de semilla;Rinde Esperado;Es de agricultura intensiva
1237;LA TERESA 201 ARROZ 26/27;245;LA TERESA;803;201;50;ARROZ;42;ARROZ;;11;61;0;;BELLA VISTA  - AMAMBAY;0;;;Si;1;Campańa;996;26/27;;;;;;;;;;;;;;;;;;;;;;;;56;;;RAFAEL HEISECKE;CENTRO;;0;
1238;LA TERESA 202A ARROZ 26/27;245;LA TERESA;779;202A;50;ARROZ;42;ARROZ;;21,57;61;0;;BELLA VISTA  - AMAMBAY;0;;;Si;1;Campańa;996;26/27;;;;;;;;;;;;;;;;;;;;;;;;56;;;RAFAEL HEISECKE;CENTRO;;0;
1239;LA TERESA 202B ARROZ 26/27;245;LA TERESA;813;202B;50;ARROZ;42;ARROZ;;39,77;61;0;;BELLA VISTA  - AMAMBAY;0;;;Si;1;Campańa;996;26/27;;;;;;;;;;;;;;;;;;;;;;;;56;;;RAFAEL HEISECKE;CENTRO;;0;
1240;LA TERESA 200 ARROZ 26/27;245;LA TERESA;812;200;50;ARROZ;42;ARROZ;;26,27;61;0;;BELLA VISTA  - AMAMBAY;0;;;Si;1;Campańa;996;26/27;;;;;;;;;;;;;;;;;;;;;;;;56;;;RAFAEL HEISECKE;CENTRO;;0;
1241;LA TERESA 202C ARROZ 26/27;245;LA TERESA;1139;202C;50;ARROZ;42;ARROZ;;20,33;61;0;;BELLA VISTA  - AMAMBAY;0;;;Si;1;Campańa;996;26/27;;;;;;;;;;;;;;;;;;;;;;;;56;;;RAFAEL HEISECKE;CENTRO;;0;
1242;LA TERESA 203 ARROZ 26/27;245;LA TERESA;782;203;50;ARROZ;42;ARROZ;;85,75;61;0;0;BELLA VISTA  - AMAMBAY;0;;;Si;1;Campańa;996;26/27;;0;0;0;0;0;;;;;;;;;;;;;;;;;;56;0;0;RAFAEL HEISECKE;CENTRO;;0;No
1243;LA TERESA 204 ARROZ 26/27;245;LA TERESA;894;204;50;ARROZ;42;ARROZ;;78,18;61;0;0;BELLA VISTA  - AMAMBAY;0;;;Si;1;Campańa;996;26/27;;0;0;0;0;0;;;;;;;;;;;;;;;;;;56;0;0;RAFAEL HEISECKE;CENTRO;;0;No
1244;LA TERESA 205A ARROZ 26/27;245;LA TERESA;780;205A;50;ARROZ;42;ARROZ;;71,72;61;0;0;BELLA VISTA  - AMAMBAY;0;;;Si;1;Campańa;996;26/27;;0;0;0;0;0;;;;;;;;;;;;;;;;;;56;0;0;RAFAEL HEISECKE;CENTRO;;0;No
1245;LA TERESA 205C ARROZ 26/27;245;LA TERESA;756;205C;50;ARROZ;42;ARROZ;;18,43;61;0;;BELLA VISTA  - AMAMBAY;0;;;Si;1;Campańa;996;26/27;;;;;;;;;;;;;;;;;;;;;;;;56;;;RAFAEL HEISECKE;CENTRO;;0;
1246;LA TERESA 205D ARROZ 26/27;245;LA TERESA;781;205D;50;ARROZ;42;ARROZ;;17,78;61;0;;BELLA VISTA  - AMAMBAY;0;;;Si;1;Campańa;996;26/27;;;;;;;;;;;;;;;;;;;;;;;;56;;;RAFAEL HEISECKE;CENTRO;;0;
1247;LA TERESA 206 ARROZ 26/27;245;LA TERESA;804;206;50;ARROZ;42;ARROZ;;51,15;61;0;;BELLA VISTA  - AMAMBAY;0;;;Si;1;Campańa;996;26/27;;;;;;;;;;;;;;;;;;;;;;;;56;;;RAFAEL HEISECKE;CENTRO;;0;
1248;LA TERESA 208 ARROZ 26/27;245;LA TERESA;816;208;50;ARROZ;42;ARROZ;;34,2;61;0;;BELLA VISTA  - AMAMBAY;0;;;Si;1;Campańa;996;26/27;;;;;;;;;;;;;;;;;;;;;;;;56;;;RAFAEL HEISECKE;CENTRO;;0;
1249;LA TERESA 207 ARROZ 26/27;245;LA TERESA;933;207;50;ARROZ;42;ARROZ;;38,5;61;0;0;BELLA VISTA  - AMAMBAY;0;;;Si;1;Campańa;996;26/27;;0;0;0;0;0;LA TERESA 207 ARROZ 25/26;;;;;;;;;;;;;;;;;56;0;0;RAFAEL HEISECKE;CENTRO;;0;No
1250;LA TERESA 209A ARROZ 26/27;245;LA TERESA;1171;209A;50;ARROZ;42;ARROZ;;61,57;61;0;0;BELLA VISTA  - AMAMBAY;0;;;Si;1;Campańa;996;26/27;;0;0;0;0;0;LA TERESA 209A ARROZ 25/26;;;;;;;;;;;;;;;;;56;0;0;RAFAEL HEISECKE;CENTRO;;0;No
1251;LA TERESA 209B ARROZ 26/27;245;LA TERESA;1142;209B;50;ARROZ;42;ARROZ;;15,32;61;0;0;BELLA VISTA  - AMAMBAY;0;;;Si;1;Campańa;996;26/27;;0;0;0;0;0;LA TERESA 209B ARROZ 25/26;;;;;;;;;;;;;;;;;56;0;0;RAFAEL HEISECKE;CENTRO;;0;No
1252;LA TERESA 210A ARROZ 26/27;245;LA TERESA;1143;210A;50;ARROZ;42;ARROZ;;10,09;61;0;0;BELLA VISTA  - AMAMBAY;0;;;Si;1;Campańa;996;26/27;;0;0;0;0;0;LA TERESA 210A ARROZ 25/26;;;;;;;;;;;;;;;;;56;0;0;RAFAEL HEISECKE;CENTRO;;0;No
1253;LA TERESA 210B ARROZ 26/27;245;LA TERESA;1144;210B;50;ARROZ;42;ARROZ;;9,94;61;0;0;BELLA VISTA  - AMAMBAY;0;;;Si;1;Campańa;996;26/27;;0;0;0;0;0;LA TERESA 210B ARROZ 25/26;;;;;;;;;;;;;;;;;56;0;0;RAFAEL HEISECKE;CENTRO;;0;No
1254;LA TERESA 211 ARROZ 26/27;245;LA TERESA;753;211;50;ARROZ;42;ARROZ;;32,8;61;0;0;BELLA VISTA  - AMAMBAY;0;;;Si;1;Campańa;996;26/27;;0;0;0;0;0;LA TERESA 211 ARROZ 25/26;;;;;;;;;;;;;;;;;56;0;0;RAFAEL HEISECKE;CENTRO;;0;No
1255;LA TERESA 213 ARROZ 26/27;245;LA TERESA;754;213;50;ARROZ;42;ARROZ;;26,52;61;0;0;BELLA VISTA  - AMAMBAY;0;;;Si;1;Campańa;996;26/27;;0;0;0;0;0;LA TERESA 213 ARROZ 25/26;;;;;;;;;;;;;;;;;56;0;0;RAFAEL HEISECKE;CENTRO;;0;No
1256;LA TERESA 214 ARROZ 26/27;245;LA TERESA;821;214;50;ARROZ;42;ARROZ;;24,22;61;0;0;BELLA VISTA  - AMAMBAY;0;;;Si;1;Campańa;996;26/27;;0;0;0;0;0;LA TERESA 214 ARROZ 25/26;;;;;;;;;;;;;;;;;56;0;0;RAFAEL HEISECKE;CENTRO;;0;No
1257;LA TERESA 216 ARROZ 26/27;245;LA TERESA;823;216;50;ARROZ;42;ARROZ;;19,95;61;0;0;BELLA VISTA  - AMAMBAY;0;;;Si;1;Campańa;996;26/27;;0;0;0;0;0;LA TERESA 216 ARROZ 25/26;;;;;;;;;;;;;;;;;56;0;0;RAFAEL HEISECKE;CENTRO;;0;No
1258;LA TERESA 217 ARROZ 26/27;245;LA TERESA;824;217;50;ARROZ;42;ARROZ;;11,8;61;0;0;BELLA VISTA  - AMAMBAY;0;;;Si;1;Campańa;996;26/27;;0;0;0;0;0;LA TERESA 217 ARROZ 25/26;;;;;;;;;;;;;;;;;56;0;0;RAFAEL HEISECKE;CENTRO;;0;No
1259;LA TERESA 218 ARROZ 26/27;245;LA TERESA;825;218;50;ARROZ;42;ARROZ;;18,2;61;0;0;BELLA VISTA  - AMAMBAY;0;;;Si;1;Campańa;996;26/27;;0;0;0;0;0;LA TERESA 218 ARROZ 25/26;;;;;;;;;;;;;;;;;56;0;0;RAFAEL HEISECKE;CENTRO;;0;No
1263;LA TERESA A RECUPERAR RH 26/27;245;LA TERESA;1084;A RECUPERAR RH;88;A RECUPERAR RH;91;A RECUPERAR RH;;0,01;61;0;0;BELLA VISTA  - AMAMBAY;0;;;Si;1;Campańa;996;26/27;;0;0;0;0;0;LA TERESA A RECUPERAR RH A RECUPERAR RH 25/26;;;;;;;;;;;;;;;;;56;0;0;RAFAEL HEISECKE;CENTRO;;0;No
1264;LA TERESA MANTENIMIENTO DE BOMBAS 26/27;245;LA TERESA;1197;MANTENIMIENTO DE BOMBAS;95;MANTENIMIENTO DE BOMBAS;98;MANTENIMIENTO DE BOMBAS;;0,01;61;0;0;BELLA VISTA  - AMAMBAY;0;;;Si;1;Campańa;996;26/27;;0;0;0;0;0;LA TERESA MANTENIMIENTO DE BOMBAS 25/26;;;;;;;;;;;;;;;;;56;0;0;RAFAEL HEISECKE;CENTRO;;0;No
1265;LA TERESA OPERATIVO 26/27;245;LA TERESA;937;Operativos;70;OPERATIVO;73;OPERATIVO;;0,01;61;0;0;BELLA VISTA  - AMAMBAY;0;;;Si;1;Campańa;996;26/27;;0;0;0;0;0;LA TERESA Operativos OPERATIVO 25/26;;;;;;;;;;;;;;;;;56;0;0;RAFAEL HEISECKE;CENTRO;;0;No
1266;LA TERESA Patio vivienda Arrozal 26/27;245;LA TERESA;1152;Patio vivienda Arrozal;92;CUIDADOS DE PATIOS VIVIENDA;95;PATIO VIVIENDA;;0,01;61;0;0;BELLA VISTA  - AMAMBAY;0;;;Si;1;Campańa;996;26/27;;0;0;0;0;0;LA TERESA Patio vivienda Arrozal CUIDADOS DE PATIO;;;;;;;;;;;;;;;;;56;0;0;RAFAEL HEISECKE;CENTRO;;0;No
1267;LA TERESA PISTAS SILO BOLSA 26/27;245;LA TERESA;1195;PISTAS SILO BOLSA;88;A RECUPERAR RH;91;A RECUPERAR RH;;0,01;61;0;0;BELLA VISTA  - AMAMBAY;0;;;Si;1;Campańa;996;26/27;;0;0;0;0;0;LA TERESA PISTAS SILO BOLSA 25/26;;;;;;;;;;;;;;;;;56;0;0;RAFAEL HEISECKE;CENTRO;;0;No
1268;LA TERESA Secadero 26/27;245;LA TERESA;1075;Secadero;91;SECADERO;94;SECADERO;;0,01;61;0;0;BELLA VISTA  - AMAMBAY;0;;;Si;1;Campańa;996;26/27;;0;0;0;0;0;LA TERESA SECADERO 25/26, LA TERESA Secadero MAIZ 25/26;;;;;;;;;;;;;;;;;56;0;0;RAFAEL HEISECKE;CENTRO;;0;No
1269;LA TERESA SILO BOLSAS 26/27;245;LA TERESA;1085;SILO BOLSAS;90;CUIDADOS DE PATIOS SILO;93;SILO BOLSAS;;0,01;61;0;0;BELLA VISTA  - AMAMBAY;0;;;Si;1;Campańa;996;26/27;;0;0;0;0;0;LA TERESA SILO BOLSAS CUIDADOS DE PATIOS GENERAL;;;;;;;;;;;;;;;;;56;0;0;RAFAEL HEISECKE;CENTRO;;0;No
1271;LA TERESA Secadero SOJA 26/27;245;LA TERESA;1075;Secadero;53;SOJA;36;SOJA;;0,01;61;0;0;BELLA VISTA  - AMAMBAY;0;;;Si;1;Campańa;996;26/27;;0;0;0;0;0;LA TERESA SECADERO 25/26, LA TERESA Secadero MAIZ 25/26;;;;;;;;;;;;;;;;;56;0;0;RAFAEL HEISECKE;CENTRO;;0;No
1272;LA TERESA Secadero MAIZ 26/27;245;LA TERESA;1075;Secadero;49;MAIZ;34;MAIZ;;0,01;61;0;0;BELLA VISTA  - AMAMBAY;0;;;Si;1;Campańa;996;26/27;;0;0;0;0;0;LA TERESA SECADERO 25/26, LA TERESA Secadero MAIZ 25/26;;;;;;;;;;;;;;;;;56;0;0;RAFAEL HEISECKE;CENTRO;;0;No
1273;LA TERESA Secadero ARROZ 26/27;245;LA TERESA;1075;Secadero;50;ARROZ;42;ARROZ;;0,01;61;0;0;BELLA VISTA  - AMAMBAY;0;;;Si;1;Campańa;996;26/27;;0;0;0;0;0;LA TERESA SECADERO 25/26, LA TERESA Secadero MAIZ 25/26;;;;;;;;;;;;;;;;;56;0;0;RAFAEL HEISECKE;CENTRO;;0;No
1274;LA TERESA PARCELA ACEVEN 26/27;245;LA TERESA;1029;PARCELA ACEVEN;76;PARCELA ACEVEN;79;PARCELA ACEVEN;;0,01;61;0;0;BELLA VISTA  - AMAMBAY;0;;;Si;1;Campańa;996;26/27;;0;0;0;0;0;LA TERESA PARCELA ACEVEN 25/26;;;;;;;;;;;;;;;;;56;0;0;RAFAEL HEISECKE;CENTRO;;0;No
1275;LA TERESA PARCELA ARROZ 26/27;245;LA TERESA;1027;PARCELA ARROZ;74;PARCELA ARROZ;77;PARCELA ARROZ;;0,01;61;0;0;BELLA VISTA  - AMAMBAY;0;;;Si;1;Campańa;996;26/27;;0;0;0;0;0;;;;;;;;;;;;;;;;;;56;0;0;RAFAEL HEISECKE;CENTRO;;0;No
1276;LA TERESA PARCELA AVIACION 26/27;245;LA TERESA;1181;PARCELA AVIACION;93;PARCELA AVIACION;96;PARCELA AVIACION;;0,01;61;0;0;BELLA VISTA  - AMAMBAY;0;;;Si;1;Campańa;996;26/27;;0;0;0;0;0;LA TERESA PARCELA AVIACION 25/26;;;;;;;;;;;;;;;;;56;0;0;RAFAEL HEISECKE;CENTRO;;0;No
1277;LA TERESA PARCELA DE AVENA 26/27;245;LA TERESA;1196;PARCELA DE AVENA;89;AVENA;92;AVENA;;0,01;61;0;0;BELLA VISTA  - AMAMBAY;0;;;Si;1;Campańa;996;26/27;;0;0;0;0;0;LA TERESA PARCELA DE AVENA 25/26;;;;;;;;;;;;;;;;;56;0;0;RAFAEL HEISECKE;CENTRO;;0;No
1278;LA TERESA PARCELA DE SORGO 26/27;245;LA TERESA;1193;PARCELA DE SORGO;94;PARCELA SORGO;97;PARCELA SORGO;;0,01;61;0;0;BELLA VISTA  - AMAMBAY;0;;;Si;1;Campańa;996;26/27;;0;0;0;0;0;LA TERESA PARCELA DE SORGO 25/26;;;;;;;;;;;;;;;;;56;0;0;RAFAEL HEISECKE;CENTRO;;0;No
1279;LA TERESA PARCELA MAIZ 26/27;245;LA TERESA;1030;PARCELA MAIZ;77;PARCELA MAIZ;80;PARCELA MAIZ;;0,01;61;0;0;BELLA VISTA  - AMAMBAY;0;;;Si;1;Campańa;996;26/27;;0;0;0;0;0;LA TERESA PARCELA MAIZ 25/26;;;;;;;;;;;;;;;;;56;0;0;RAFAEL HEISECKE;CENTRO;;0;No
1280;LA TERESA PARCELA MAIZ ZAFRIŃA 26/27;245;LA TERESA;1078;PARCELA MAIZ ZAFRIŃA;57;MAIZ ZAFRIŃA;75;MAIZ ZAFRIŃA;;0,01;61;0;0;BELLA VISTA  - AMAMBAY;0;;;Si;1;Campańa;996;26/27;;0;0;0;0;0;LA TERESA PARCELA MAIZ ZAFRIŃA 25/26;;;;;;;;;;;;;;;;;56;0;0;RAFAEL HEISECKE;CENTRO;;0;No
1281;LA TERESA PARCELA SOJA 26/27;245;LA TERESA;1028;PARCELA SOJA;75;PARCELA SOJA;78;PARCELA SOJA;;0,01;61;0;0;BELLA VISTA  - AMAMBAY;0;;;Si;1;Campańa;996;26/27;;0;0;0;0;0;LA TERESA PARCELA SOJA 25/26;;;;;;;;;;;;;;;;;56;0;0;RAFAEL HEISECKE;CENTRO;;0;No
1282;LA TERESA .03A AVENA 26/27;245;LA TERESA;741;.03A;89;AVENA;92;AVENA;;41,2;61;0;0;BELLA VISTA  - AMAMBAY;0;;;Si;1;Campańa;996;26/27;;0;0;0;0;0;LA TERESA .03A SOJA 25/26;;;;;;;;;;;;;;;;;56;0;0;RAFAEL HEISECKE;CENTRO;;0;No
1283;LA TERESA .03B AVENA 26/27;245;LA TERESA;742;.03B;89;AVENA;92;AVENA;;37,4;61;0;0;BELLA VISTA  - AMAMBAY;0;;;Si;1;Campańa;996;26/27;;0;0;0;0;0;LA TERESA .03B AVENA 25/26, LA TERESA .03B SOJA 25/26;;;;;;;;;;;;;;;;;56;0;0;RAFAEL HEISECKE;CENTRO;;0;No
1284;LA TERESA .04 AVENA 26/27;245;LA TERESA;743;.04;89;AVENA;92;AVENA;;19,79;61;0;0;BELLA VISTA  - AMAMBAY;0;;;Si;1;Campańa;996;26/27;;0;0;0;0;0;LA TERESA .04 SOJA 25/26;;;;;;;;;;;;;;;;;56;0;0;RAFAEL HEISECKE;CENTRO;;0;No
1285;LA TERESA .05A AVENA 26/27;245;LA TERESA;749;.05A;89;AVENA;92;AVENA;;29,89;61;0;0;BELLA VISTA  - AMAMBAY;0;;;Si;1;Campańa;996;26/27;;0;0;0;0;0;LA TERESA .05A SOJA 25/26;;;;;;;;;;;;;;;;;56;0;0;RAFAEL HEISECKE;CENTRO;;0;No
1286;LA TERESA .05B AVENA 26/27;245;LA TERESA;750;.05B;89;AVENA;92;AVENA;;29,14;61;0;0;BELLA VISTA  - AMAMBAY;0;;;Si;1;Campańa;996;26/27;;0;0;0;0;0;LA TERESA .05B SOJA 25/26;;;;;;;;;;;;;;;;;56;0;0;RAFAEL HEISECKE;CENTRO;;0;No
1287;LA TERESA .09A AVENA 26/27;245;LA TERESA;747;.09A;89;AVENA;92;AVENA;;21,13;61;0;0;BELLA VISTA  - AMAMBAY;0;;;Si;1;Campańa;996;26/27;;0;0;0;0;0;LA TERESA .09A SOJA 25/26;;;;;;;;;;;;;;;;;56;0;0;RAFAEL HEISECKE;CENTRO;;0;No
1288;LA TERESA .09B AVENA 26/27;245;LA TERESA;746;.09B;89;AVENA;92;AVENA;;14,88;61;0;0;BELLA VISTA  - AMAMBAY;0;;;Si;1;Campańa;996;26/27;;0;0;0;0;0;LA TERESA .09B SOJA 25/26;;;;;;;;;;;;;;;;;56;0;0;RAFAEL HEISECKE;CENTRO;;0;No
1289;LA TERESA .09C AVENA 26/27;245;LA TERESA;1164;.09C;89;AVENA;92;AVENA;;11,31;61;0;0;BELLA VISTA  - AMAMBAY;0;;;Si;1;Campańa;996;26/27;;0;0;0;0;0;LA TERESA .09C SOJA 25/26;;;;;;;;;;;;;;;;;56;0;0;RAFAEL HEISECKE;CENTRO;;0;No
1290;LA TERESA .09D AVENA 26/27;245;LA TERESA;744;.09D;89;AVENA;92;AVENA;;20,93;61;0;0;BELLA VISTA  - AMAMBAY;0;;;Si;1;Campańa;996;26/27;;0;0;0;0;0;LA TERESA .09D SOJA 25/26;;;;;;;;;;;;;;;;;56;0;0;RAFAEL HEISECKE;CENTRO;;0;No
1291;LA TERESA .09E AVENA 26/27;245;LA TERESA;951;.09E;89;AVENA;92;AVENA;;32,81;61;0;0;BELLA VISTA  - AMAMBAY;0;;;Si;1;Campańa;996;26/27;;0;0;0;0;0;LA TERESA .09E SOJA 25/26;;;;;;;;;;;;;;;;;56;0;0;RAFAEL HEISECKE;CENTRO;;0;No
1292;LA TERESA .11A AVENA 26/27;245;LA TERESA;748;.11A;89;AVENA;92;AVENA;;30,3;61;0;0;BELLA VISTA  - AMAMBAY;0;;;Si;1;Campańa;996;26/27;;0;0;0;0;0;LA TERESA .11A SOJA 25/26;;;;;;;;;;;;;;;;;56;0;0;RAFAEL HEISECKE;CENTRO;;0;No
1293;LA TERESA .11B AVENA 26/27;245;LA TERESA;797;.11B;89;AVENA;92;AVENA;;41,48;61;0;0;BELLA VISTA  - AMAMBAY;0;;;Si;1;Campańa;996;26/27;;0;0;0;0;0;LA TERESA .11B SOJA 25/26;;;;;;;;;;;;;;;;;56;0;0;RAFAEL HEISECKE;CENTRO;;0;No
1294;LA TERESA .11C AVENA 26/27;245;LA TERESA;1165;.11C;89;AVENA;92;AVENA;;39,14;61;0;0;BELLA VISTA  - AMAMBAY;0;;;Si;1;Campańa;996;26/27;;0;0;0;0;0;LA TERESA .11C SOJA 25/26;;;;;;;;;;;;;;;;;56;0;0;RAFAEL HEISECKE;CENTRO;;0;No
1295;LA TERESA .13 AVENA 26/27;245;LA TERESA;751;.13;89;AVENA;92;AVENA;;24,96;61;0;0;BELLA VISTA  - AMAMBAY;0;;;Si;1;Campańa;996;26/27;;0;0;0;0;0;LA TERESA .13 SOJA 25/26;;;;;;;;;;;;;;;;;56;0;0;RAFAEL HEISECKE;CENTRO;;0;No
1296;LA TERESA 135 ARROZ 26/27;245;LA TERESA;1160;135;50;ARROZ;42;ARROZ;;53,42;61;0;0;BELLA VISTA  - AMAMBAY;0;;;Si;1;Campańa;996;26/27;;0;0;0;0;0;LA TERESA 135 ARROZ 25/26;;;;;;;;;;;;;;;;;56;0;0;RAFAEL HEISECKE;CENTRO;;0;No
1297;LA TERESA 137 ARROZ 26/27;245;LA TERESA;1161;137;50;ARROZ;42;ARROZ;;87,95;61;0;0;BELLA VISTA  - AMAMBAY;0;;;Si;1;Campańa;996;26/27;;0;0;0;0;0;LA TERESA 137 ARROZ 25/26;;;;;;;;;;;;;;;;;56;0;0;RAFAEL HEISECKE;CENTRO;;0;No
1298;LA TERESA 138 ARROZ 26/27;245;LA TERESA;892;138;50;ARROZ;42;ARROZ;;43,87;61;0;0;BELLA VISTA  - AMAMBAY;0;;;Si;1;Campańa;996;26/27;;0;0;0;0;0;;;;;;;;;;;;;;;;;;56;0;0;RAFAEL HEISECKE;CENTRO;;0;No
1299;LA TERESA 139 ARROZ 26/27;245;LA TERESA;893;139;50;ARROZ;42;ARROZ;;38,07;61;0;0;BELLA VISTA  - AMAMBAY;0;;;Si;1;Campańa;996;26/27;;0;0;0;0;0;;;;;;;;;;;;;;;;;;56;0;0;RAFAEL HEISECKE;CENTRO;;0;No
1300;LA TERESA 140 ARROZ 26/27;245;LA TERESA;1158;140;50;ARROZ;42;ARROZ;;77,71;61;0;0;BELLA VISTA  - AMAMBAY;0;;;Si;1;Campańa;996;26/27;;0;0;0;0;0;LA TERESA 140 ARROZ 25/26;;;;;;;;;;;;;;;;;56;0;0;RAFAEL HEISECKE;CENTRO;;0;No
1301;LA TERESA 142 ARROZ 26/27;245;LA TERESA;1159;142;50;ARROZ;42;ARROZ;;41;61;0;0;BELLA VISTA  - AMAMBAY;0;;;Si;1;Campańa;996;26/27;;0;0;0;0;0;LA TERESA 142 ARROZ 25/26;;;;;;;;;;;;;;;;;56;0;0;RAFAEL HEISECKE;CENTRO;;0;No
1302;LA TERESA 144A ARROZ 26/27;245;LA TERESA;783;144A;50;ARROZ;42;ARROZ;;13,87;61;0;0;BELLA VISTA  - AMAMBAY;0;;;Si;1;Campańa;996;26/27;;0;0;0;0;0;LA TERESA 144A ARROZ 25/26;;;;;;;;;;;;;;;;;56;0;0;RAFAEL HEISECKE;CENTRO;;0;No
1303;LA TERESA 145A ARROZ 26/27;245;LA TERESA;784;145A;50;ARROZ;42;ARROZ;;16,1;61;0;0;BELLA VISTA  - AMAMBAY;0;;;Si;1;Campańa;996;26/27;;0;0;0;0;0;LA TERESA 145A ARROZ 25/26;;;;;;;;;;;;;;;;;56;0;0;RAFAEL HEISECKE;CENTRO;;0;No
1304;LA TERESA 146A ARROZ 26/27;245;LA TERESA;785;146A;50;ARROZ;42;ARROZ;;18,5;61;0;0;BELLA VISTA  - AMAMBAY;0;;;Si;1;Campańa;996;26/27;;0;0;0;0;0;LA TERESA 146A ARROZ 25/26;;;;;;;;;;;;;;;;;56;0;0;RAFAEL HEISECKE;CENTRO;;0;No
1305;LA TERESA 147A ARROZ 26/27;245;LA TERESA;960;147A;50;ARROZ;42;ARROZ;;7,1;61;0;0;BELLA VISTA  - AMAMBAY;0;;;Si;1;Campańa;996;26/27;;0;0;0;0;0;LA TERESA 147A ARROZ 25/26;;;;;;;;;;;;;;;;;56;0;0;RAFAEL HEISECKE;CENTRO;;0;No
1306;LA TERESA 147B ARROZ 26/27;245;LA TERESA;787;147B;50;ARROZ;42;ARROZ;;8,23;61;0;0;BELLA VISTA  - AMAMBAY;0;;;Si;1;Campańa;996;26/27;;0;0;0;0;0;LA TERESA 147B ARROZ 25/26;;;;;;;;;;;;;;;;;56;0;0;RAFAEL HEISECKE;CENTRO;;0;No
1307;LA TERESA 148 ARROZ 26/27;245;LA TERESA;786;148A;50;ARROZ;42;ARROZ;;13,9;61;0;0;BELLA VISTA  - AMAMBAY;0;;;Si;1;Campańa;996;26/27;;0;0;0;0;0;LA TERESA 148 ARROZ 25/26;;;;;;;;;;;;;;;;;56;0;0;RAFAEL HEISECKE;CENTRO;;0;No
1308;LA TERESA 149/150 ARROZ 26/27;245;LA TERESA;795;149/150;50;ARROZ;42;ARROZ;;25,86;61;0;0;BELLA VISTA  - AMAMBAY;0;;;Si;1;Campańa;996;26/27;;0;0;0;0;0;LA TERESA 149/150 ARROZ 25/26;;;;;;;;;;;;;;;;;56;0;0;RAFAEL HEISECKE;CENTRO;;0;No
1309;LA TERESA 150B ARROZ 26/27;245;LA TERESA;1189;150B;50;ARROZ;42;ARROZ;;11,82;61;0;0;BELLA VISTA  - AMAMBAY;0;;;Si;1;Campańa;996;26/27;;0;0;0;0;0;LA TERESA 150B ARROZ 25/26;;;;;;;;;;;;;;;;;56;0;0;RAFAEL HEISECKE;CENTRO;;0;No
1310;LA TERESA 151 ARROZ 26/27;245;LA TERESA;800;151;50;ARROZ;42;ARROZ;;29,27;61;0;0;BELLA VISTA  - AMAMBAY;0;;;Si;1;Campańa;996;26/27;;0;0;0;0;0;LA TERESA 151 ARROZ 25/26;;;;;;;;;;;;;;;;;56;0;0;RAFAEL HEISECKE;CENTRO;;0;No
1311;LA TERESA 152 ARROZ 26/27;245;LA TERESA;799;152;50;ARROZ;42;ARROZ;;27,23;61;0;0;BELLA VISTA  - AMAMBAY;0;;;Si;1;Campańa;996;26/27;;0;0;0;0;0;LA TERESA 152 ARROZ 25/26;;;;;;;;;;;;;;;;;56;0;0;RAFAEL HEISECKE;CENTRO;;0;No
1312;LA TERESA 153 ARROZ 26/27;245;LA TERESA;805;153;50;ARROZ;42;ARROZ;;19,63;61;0;0;BELLA VISTA  - AMAMBAY;0;;;Si;1;Campańa;996;26/27;;0;0;0;0;0;LA TERESA 153 ARROZ 25/26;;;;;;;;;;;;;;;;;56;0;0;RAFAEL HEISECKE;CENTRO;;0;No
1313;LA TERESA 154 ARROZ 26/27;245;LA TERESA;798;154;50;ARROZ;42;ARROZ;;29,27;61;0;0;BELLA VISTA  - AMAMBAY;0;;;Si;1;Campańa;996;26/27;;0;0;0;0;0;LA TERESA 154 ARROZ 25/26;;;;;;;;;;;;;;;;;56;0;0;RAFAEL HEISECKE;CENTRO;;0;No
1322;LA TERESA .15 AVENA 26/27;245;LA TERESA;901;.15;89;AVENA;92;AVENA;;38,42;61;0;0;BELLA VISTA  - AMAMBAY;0;;;Si;1;Campańa;996;26/27;;0;0;0;0;0;;;;;;;;;;;;;;;;;;56;0;0;RAFAEL HEISECKE;CENTRO;;0;No
1323;LA TERESA .19A AVENA 26/27;245;LA TERESA;905;.19A;89;AVENA;92;AVENA;;25,94;61;0;0;BELLA VISTA  - AMAMBAY;0;;;Si;1;Campańa;996;26/27;;0;0;0;0;0;;;;;;;;;;;;;;;;;;56;0;0;RAFAEL HEISECKE;CENTRO;;0;No
1324;LA TERESA .19B AVENA 26/27;245;LA TERESA;906;.19B;89;AVENA;92;AVENA;;28,44;61;0;0;BELLA VISTA  - AMAMBAY;0;;;Si;1;Campańa;996;26/27;;0;0;0;0;0;;;;;;;;;;;;;;;;;;56;0;0;RAFAEL HEISECKE;CENTRO;;0;No
1325;LA TERESA .19C AVENA 26/27;245;LA TERESA;943;.19C;89;AVENA;92;AVENA;;42,51;61;0;0;BELLA VISTA  - AMAMBAY;0;;;Si;1;Campańa;996;26/27;;0;0;0;0;0;;;;;;;;;;;;;;;;;;56;0;0;RAFAEL HEISECKE;CENTRO;;0;No
1326;LA TERESA .21C AVENA 26/27;245;LA TERESA;941;.21C;89;AVENA;92;AVENA;;22,69;61;0;0;BELLA VISTA  - AMAMBAY;0;;;Si;1;Campańa;996;26/27;;0;0;0;0;0;;;;;;;;;;;;;;;;;;56;0;0;RAFAEL HEISECKE;CENTRO;;0;No
1327;LA TERESA .21D AVENA 26/27;245;LA TERESA;942;.21D;89;AVENA;92;AVENA;;29,44;61;0;0;BELLA VISTA  - AMAMBAY;0;;;Si;1;Campańa;996;26/27;;0;0;0;0;0;;;;;;;;;;;;;;;;;;56;0;0;RAFAEL HEISECKE;CENTRO;;0;No
1328;LA TERESA .18B AVENA 26/27;245;LA TERESA;1198;.18B;89;AVENA;92;AVENA;;20;61;0;0;BELLA VISTA  - AMAMBAY;0;;;Si;1;Campańa;996;26/27;;0;0;0;0;0;;;;;;;;;;;;;;;;;;56;0;0;RAFAEL HEISECKE;CENTRO;;0;No
1330;LA TERESA .69 COBERTURA 26/27;245;LA TERESA;848;.69;96;COBERTURA;38;COBERTURA;;28,78;61;0;0;BELLA VISTA  - AMAMBAY;0;;;Si;1;Campańa;996;26/27;;0;0;0;0;0;;;;;;;;;;;;;;;;;;56;0;0;RAFAEL HEISECKE;CENTRO;;0;No
1331;LA TERESA .70 COBERTURA 26/27;245;LA TERESA;847;.70;96;COBERTURA;38;COBERTURA;;38,65;61;0;0;BELLA VISTA  - AMAMBAY;0;;;Si;1;Campańa;996;26/27;;0;0;0;0;0;;;;;;;;;;;;;;;;;;56;0;0;RAFAEL HEISECKE;CENTRO;;0;No
1332;LA TERESA .71A COBERTURA 26/27;245;LA TERESA;1166;.71A;96;COBERTURA;38;COBERTURA;;14,3;61;0;0;BELLA VISTA  - AMAMBAY;0;;;Si;1;Campańa;996;26/27;;0;0;0;0;0;;;;;;;;;;;;;;;;;;56;0;0;RAFAEL HEISECKE;CENTRO;;0;No
1333;LA TERESA .72A COBERTURA 26/27;245;LA TERESA;1167;.72A;96;COBERTURA;38;COBERTURA;;20,57;61;0;0;BELLA VISTA  - AMAMBAY;0;;;Si;1;Campańa;996;26/27;;0;0;0;0;0;;;;;;;;;;;;;;;;;;56;0;0;RAFAEL HEISECKE;CENTRO;;0;No
1334;LA TERESA .73A COBERTURA 26/27;245;LA TERESA;1168;.73A;96;COBERTURA;38;COBERTURA;;23,81;61;0;0;BELLA VISTA  - AMAMBAY;0;;;Si;1;Campańa;996;26/27;;0;0;0;0;0;;;;;;;;;;;;;;;;;;56;0;0;RAFAEL HEISECKE;CENTRO;;0;No
1335;LA TERESA .74A COBERTURA 26/27;245;LA TERESA;1169;.74A;96;COBERTURA;38;COBERTURA;;39,12;61;0;0;BELLA VISTA  - AMAMBAY;0;;;Si;1;Campańa;996;26/27;;0;0;0;0;0;;;;;;;;;;;;;;;;;;56;0;0;RAFAEL HEISECKE;CENTRO;;0;No
1336;LA TERESA .75A COBERTURA 26/27;245;LA TERESA;1170;.75A;96;COBERTURA;38;COBERTURA;;28,72;61;0;0;BELLA VISTA  - AMAMBAY;0;;;Si;1;Campańa;996;26/27;;0;0;0;0;0;;;;;;;;;;;;;;;;;;56;0;0;RAFAEL HEISECKE;CENTRO;;0;No
1337;LA TERESA .34A ARROZ 26/27;245;LA TERESA;1123;.34A;50;ARROZ;42;ARROZ;;1,83;61;0;0;BELLA VISTA  - AMAMBAY;0;;;Si;1;Campańa;996;26/27;;0;0;0;0;0;;;;;;;;;;;;;;;;;;56;0;0;RAFAEL HEISECKE;CENTRO;;0;No
1338;LA TERESA .34B ARROZ 26/27;245;LA TERESA;1124;.34B;50;ARROZ;42;ARROZ;;5,36;61;0;0;BELLA VISTA  - AMAMBAY;0;;;Si;1;Campańa;996;26/27;;0;0;0;0;0;;;;;;;;;;;;;;;;;;56;0;0;RAFAEL HEISECKE;CENTRO;;0;No
1339;LA TERESA .34C ARROZ 26/27;245;LA TERESA;1125;.34C;50;ARROZ;42;ARROZ;;32,08;61;0;0;BELLA VISTA  - AMAMBAY;0;;;Si;1;Campańa;996;26/27;;0;0;0;0;0;;;;;;;;;;;;;;;;;;56;0;0;RAFAEL HEISECKE;CENTRO;;0;No
1340;LA TERESA .34D ARROZ 26/27;245;LA TERESA;1126;.34D;50;ARROZ;42;ARROZ;;27;61;0;0;BELLA VISTA  - AMAMBAY;0;;;Si;1;Campańa;996;26/27;;0;0;0;0;0;;;;;;;;;;;;;;;;;;56;0;0;RAFAEL HEISECKE;CENTRO;;0;No
1341;LA TERESA .34E ARROZ 26/27;245;LA TERESA;1127;.34E;50;ARROZ;42;ARROZ;;14,58;61;0;0;BELLA VISTA  - AMAMBAY;0;;;Si;1;Campańa;996;26/27;;0;0;0;0;0;;;;;;;;;;;;;;;;;;56;0;0;RAFAEL HEISECKE;CENTRO;;0;No
1342;LA TERESA .34F ARROZ 26/27;245;LA TERESA;1128;.34F;50;ARROZ;42;ARROZ;;6,09;61;0;0;BELLA VISTA  - AMAMBAY;0;;;Si;1;Campańa;996;26/27;;0;0;0;0;0;;;;;;;;;;;;;;;;;;56;0;0;RAFAEL HEISECKE;CENTRO;;0;No
1343;LA TERESA .32A ARROZ 26/27;245;LA TERESA;1117;.32A;50;ARROZ;42;ARROZ;;3,13;61;0;0;BELLA VISTA  - AMAMBAY;0;;;Si;1;Campańa;996;26/27;;0;0;0;0;0;;;;;;;;;;;;;;;;;;56;0;0;RAFAEL HEISECKE;CENTRO;;0;No
1344;LA TERESA .32B ARROZ 26/27;245;LA TERESA;1118;.32B;50;ARROZ;42;ARROZ;;9,7;61;0;0;BELLA VISTA  - AMAMBAY;0;;;Si;1;Campańa;996;26/27;;0;0;0;0;0;;;;;;;;;;;;;;;;;;56;0;0;RAFAEL HEISECKE;CENTRO;;0;No
1345;LA TERESA .32C ARROZ 26/27;245;LA TERESA;1119;.32C;50;ARROZ;42;ARROZ;;21,69;61;0;0;BELLA VISTA  - AMAMBAY;0;;;Si;1;Campańa;996;26/27;;0;0;0;0;0;;;;;;;;;;;;;;;;;;56;0;0;RAFAEL HEISECKE;CENTRO;;0;No
1346;LA TERESA .32D ARROZ 26/27;245;LA TERESA;1120;.32D;50;ARROZ;42;ARROZ;;21,39;61;0;0;BELLA VISTA  - AMAMBAY;0;;;Si;1;Campańa;996;26/27;;0;0;0;0;0;;;;;;;;;;;;;;;;;;56;0;0;RAFAEL HEISECKE;CENTRO;;0;No
1347;LA TERESA .32E ARROZ 26/27;245;LA TERESA;1121;.32E;50;ARROZ;42;ARROZ;;14,58;61;0;0;BELLA VISTA  - AMAMBAY;0;;;Si;1;Campańa;996;26/27;;0;0;0;0;0;;;;;;;;;;;;;;;;;;56;0;0;RAFAEL HEISECKE;CENTRO;;0;No
1348;LA TERESA .32F ARROZ 26/27;245;LA TERESA;1122;.32F;50;ARROZ;42;ARROZ;;15,03;61;0;0;BELLA VISTA  - AMAMBAY;0;;;Si;1;Campańa;996;26/27;;0;0;0;0;0;;;;;;;;;;;;;;;;;;56;0;0;RAFAEL HEISECKE;CENTRO;;0;No
1349;LA TERESA .30A ARROZ 26/27;245;LA TERESA;1111;.30A;50;ARROZ;42;ARROZ;;5,66;61;0;0;BELLA VISTA  - AMAMBAY;0;;;Si;1;Campańa;996;26/27;;0;0;0;0;0;;;;;;;;;;;;;;;;;;56;0;0;RAFAEL HEISECKE;CENTRO;;0;No
1350;LA TERESA .30B ARROZ 26/27;245;LA TERESA;1112;.30B;50;ARROZ;42;ARROZ;;5,63;61;0;0;BELLA VISTA  - AMAMBAY;0;;;Si;1;Campańa;996;26/27;;0;0;0;0;0;;;;;;;;;;;;;;;;;;56;0;0;RAFAEL HEISECKE;CENTRO;;0;No
1351;LA TERESA .30C ARROZ 26/27;245;LA TERESA;1113;.30C;50;ARROZ;42;ARROZ;;21,3;61;0;0;BELLA VISTA  - AMAMBAY;0;;;Si;1;Campańa;996;26/27;;0;0;0;0;0;;;;;;;;;;;;;;;;;;56;0;0;RAFAEL HEISECKE;CENTRO;;0;No
1352;LA TERESA .30D ARROZ 26/27;245;LA TERESA;1114;.30D;50;ARROZ;42;ARROZ;;20,99;61;0;0;BELLA VISTA  - AMAMBAY;0;;;Si;1;Campańa;996;26/27;;0;0;0;0;0;;;;;;;;;;;;;;;;;;56;0;0;RAFAEL HEISECKE;CENTRO;;0;No
1353;LA TERESA .30E ARROZ 26/27;245;LA TERESA;1115;.30E;50;ARROZ;42;ARROZ;;11,43;61;0;0;BELLA VISTA  - AMAMBAY;0;;;Si;1;Campańa;996;26/27;;0;0;0;0;0;;;;;;;;;;;;;;;;;;56;0;0;RAFAEL HEISECKE;CENTRO;;0;No
1354;LA TERESA .30F ARROZ 26/27;245;LA TERESA;1116;.30F;50;ARROZ;42;ARROZ;;12,27;61;0;0;BELLA VISTA  - AMAMBAY;0;;;Si;1;Campańa;996;26/27;;0;0;0;0;0;;;;;;;;;;;;;;;;;;56;0;0;RAFAEL HEISECKE;CENTRO;;0;No
1355;LA TERESA .29A ARROZ 26/27;245;LA TERESA;1105;.29A;50;ARROZ;42;ARROZ;;6,54;61;0;0;BELLA VISTA  - AMAMBAY;0;;;Si;1;Campańa;996;26/27;;0;0;0;0;0;;;;;;;;;;;;;;;;;;56;0;0;RAFAEL HEISECKE;CENTRO;;0;No
1356;LA TERESA .29B ARROZ 26/27;245;LA TERESA;1106;.29B;50;ARROZ;42;ARROZ;;7,51;61;0;0;BELLA VISTA  - AMAMBAY;0;;;Si;1;Campańa;996;26/27;;0;0;0;0;0;;;;;;;;;;;;;;;;;;56;0;0;RAFAEL HEISECKE;CENTRO;;0;No
1357;LA TERESA .29C ARROZ 26/27;245;LA TERESA;1107;.29C;50;ARROZ;42;ARROZ;;26,26;61;0;0;BELLA VISTA  - AMAMBAY;0;;;Si;1;Campańa;996;26/27;;0;0;0;0;0;;;;;;;;;;;;;;;;;;56;0;0;RAFAEL HEISECKE;CENTRO;;0;No
1358;LA TERESA .29D ARROZ 26/27;245;LA TERESA;1108;.29D;50;ARROZ;42;ARROZ;;24,83;61;0;0;BELLA VISTA  - AMAMBAY;0;;;Si;1;Campańa;996;26/27;;0;0;0;0;0;;;;;;;;;;;;;;;;;;56;0;0;RAFAEL HEISECKE;CENTRO;;0;No
1359;LA TERESA .29E ARROZ 26/27;245;LA TERESA;1109;.29E;50;ARROZ;42;ARROZ;;10,79;61;0;0;BELLA VISTA  - AMAMBAY;0;;;Si;1;Campańa;996;26/27;;0;0;0;0;0;;;;;;;;;;;;;;;;;;56;0;0;RAFAEL HEISECKE;CENTRO;;0;No
1360;LA TERESA .29F ARROZ 26/27;245;LA TERESA;1110;.29F;50;ARROZ;42;ARROZ;;11,12;61;0;0;BELLA VISTA  - AMAMBAY;0;;;Si;1;Campańa;996;26/27;;0;0;0;0;0;;;;;;;;;;;;;;;;;;56;0;0;RAFAEL HEISECKE;CENTRO;;0;No
1361;LA TERESA .27A ARROZ 26/27;245;LA TERESA;737;.27A;50;ARROZ;42;ARROZ;;20,15;61;0;0;BELLA VISTA  - AMAMBAY;0;;;Si;1;Campańa;996;26/27;;0;0;0;0;0;;;;;;;;;;;;;;;;;;56;0;0;RAFAEL HEISECKE;CENTRO;;0;No
1362;LA TERESA .27B ARROZ 26/27;245;LA TERESA;738;.27B;50;ARROZ;42;ARROZ;;24,13;61;0;0;BELLA VISTA  - AMAMBAY;0;;;Si;1;Campańa;996;26/27;;0;0;0;0;0;;;;;;;;;;;;;;;;;;56;0;0;RAFAEL HEISECKE;CENTRO;;0;No
1363;LA TERESA .27C ARROZ 26/27;245;LA TERESA;739;.27C;50;ARROZ;42;ARROZ;;25,15;61;0;0;BELLA VISTA  - AMAMBAY;0;;;Si;1;Campańa;996;26/27;;0;0;0;0;0;;;;;;;;;;;;;;;;;;56;0;0;RAFAEL HEISECKE;CENTRO;;0;No
1364;LA TERESA .27D ARROZ 26/27;245;LA TERESA;740;.27D;50;ARROZ;42;ARROZ;;21,94;61;0;0;BELLA VISTA  - AMAMBAY;0;;;Si;1;Campańa;996;26/27;;0;0;0;0;0;;;;;;;;;;;;;;;;;;56;0;0;RAFAEL HEISECKE;CENTRO;;0;No
1365;LA TERESA .27J/K ARROZ 26/27;245;LA TERESA;809;.27J/K;50;ARROZ;42;ARROZ;;26,46;61;0;0;BELLA VISTA  - AMAMBAY;0;;;Si;1;Campańa;996;26/27;;0;0;0;0;0;;;;;;;;;;;;;;;;;;56;0;0;RAFAEL HEISECKE;CENTRO;;0;No
1366;LA TERESA .27F ARROZ 26/27;245;LA TERESA;1104;.27F;50;ARROZ;42;ARROZ;;8,6;61;0;0;BELLA VISTA  - AMAMBAY;0;;;Si;1;Campańa;996;26/27;;0;0;0;0;0;;;;;;;;;;;;;;;;;;56;0;0;RAFAEL HEISECKE;CENTRO;;0;No
1367;LA TERESA .28D SORGO 26/27;245;LA TERESA;934;.28D;61;SORGO;66;SORGO;;15;61;0;0;BELLA VISTA  - AMAMBAY;0;;;Si;1;Campańa;996;26/27;;0;0;0;0;0;;;;;;;;;;;;;;;;;;56;0;0;RAFAEL HEISECKE;CENTRO;;0;No
1368;LA TERESA .28E SORGO 26/27;245;LA TERESA;944;.28E;61;SORGO;66;SORGO;;25;61;0;0;BELLA VISTA  - AMAMBAY;0;;;Si;1;Campańa;996;26/27;;0;0;0;0;0;;;;;;;;;;;;;;;;;;56;0;0;RAFAEL HEISECKE;CENTRO;;0;No
1369;LA TERESA .76A SORGO 26/27;245;LA TERESA;1092;.76A;61;SORGO;66;SORGO;;25,2;61;0;0;BELLA VISTA  - AMAMBAY;0;;;Si;1;Campańa;996;26/27;;0;0;0;0;0;;;;;;;;;;;;;;;;;;56;0;0;RAFAEL HEISECKE;CENTRO;;0;No
1370;LA TERESA .76B SORGO 26/27;245;LA TERESA;1095;.76B;61;SORGO;66;SORGO;;7,49;61;0;0;BELLA VISTA  - AMAMBAY;0;;;Si;1;Campańa;996;26/27;;0;0;0;0;0;;;;;;;;;;;;;;;;;;56;0;0;RAFAEL HEISECKE;CENTRO;;0;No
1371;LA TERESA .77A SORGO 26/27;245;LA TERESA;1093;.77A;61;SORGO;66;SORGO;;21,06;61;0;0;BELLA VISTA  - AMAMBAY;0;;;Si;1;Campańa;996;26/27;;0;0;0;0;0;;;;;;;;;;;;;;;;;;56;0;0;RAFAEL HEISECKE;CENTRO;;0;No
1372;LA TERESA .77B SORGO 26/27;245;LA TERESA;1096;.77B;61;SORGO;66;SORGO;;16,3;61;0;0;BELLA VISTA  - AMAMBAY;0;;;Si;1;Campańa;996;26/27;;0;0;0;0;0;;;;;;;;;;;;;;;;;;56;0;0;RAFAEL HEISECKE;CENTRO;;0;No
1373;LA TERESA .28H SORGO 26/27;245;LA TERESA;1203;.28H;61;SORGO;66;SORGO;;27,4;61;0;;BELLA VISTA  - AMAMBAY;0;;;Si;1;Campańa;996;26/27;;;;;;;;;;;;;;;;;;;;;;;;56;;;RAFAEL HEISECKE;CENTRO;;0;
1374;LA TERESA .28G SORGO 26/27;245;LA TERESA;1202;.28G;61;SORGO;66;SORGO;;12,5;61;0;;BELLA VISTA  - AMAMBAY;0;;;Si;1;Campańa;996;26/27;;;;;;;;;;;;;;;;;;;;;;;;56;;;RAFAEL HEISECKE;CENTRO;;0;
1375;LA TERESA .78A SORGO 26/27;245;LA TERESA;1199;.78A;61;SORGO;66;SORGO;;7,69;61;0;;BELLA VISTA  - AMAMBAY;0;;;Si;1;Campańa;996;26/27;;;;;;;;;;;;;;;;;;;;;;;;56;;;RAFAEL HEISECKE;CENTRO;;0;
1376;LA TERESA .78B SORGO 26/27;245;LA TERESA;1200;.78B;61;SORGO;66;SORGO;;30,35;61;0;;BELLA VISTA  - AMAMBAY;0;;;Si;1;Campańa;996;26/27;;;;;;;;;;;;;;;;;;;;;;;;56;;;RAFAEL HEISECKE;CENTRO;;0;
1377;LA TERESA .92/93 SORGO 26/27;245;LA TERESA;1201;.92/93;61;SORGO;66;SORGO;;24,56;61;0;;BELLA VISTA  - AMAMBAY;0;;;Si;1;Campańa;996;26/27;;;;;;;;;;;;;;;;;;;;;;;;56;;;RAFAEL HEISECKE;CENTRO;;0;
1378;LA TERESA .87 SORGO 26/27;245;LA TERESA;777;.87;61;SORGO;66;SORGO;;14,9;61;0;;BELLA VISTA  - AMAMBAY;0;;;Si;1;Campańa;996;26/27;;;;;;;;;;;;;;;;;;;;;;;;56;;;RAFAEL HEISECKE;CENTRO;;0;
1379;LA TERESA .98 SORGO 26/27;245;LA TERESA;778;.98;61;SORGO;66;SORGO;;27,44;61;0;0;BELLA VISTA  - AMAMBAY;0;;;Si;1;Campańa;996;26/27;;0;0;0;0;0;;;;;;;;;;;;;;;;;;56;0;0;RAFAEL HEISECKE;CENTRO;;0;No
1380;LA TERESA .26A ARROZ 26/27;245;LA TERESA;1099;.26A;50;ARROZ;42;ARROZ;;1,37;61;0;0;BELLA VISTA  - AMAMBAY;0;;;Si;1;Campańa;996;26/27;;0;0;0;0;0;;;;;;;;;;;;;;;;;;56;0;0;RAFAEL HEISECKE;CENTRO;;0;No
1381;LA TERESA .26B ARROZ 26/27;245;LA TERESA;1100;.26B;50;ARROZ;42;ARROZ;;3,85;61;0;0;BELLA VISTA  - AMAMBAY;0;;;Si;1;Campańa;996;26/27;;0;0;0;0;0;;;;;;;;;;;;;;;;;;56;0;0;RAFAEL HEISECKE;CENTRO;;0;No
1382;LA TERESA .26C/D ARROZ 26/27;245;LA TERESA;1101;.26C/D;50;ARROZ;42;ARROZ;;37,36;61;0;0;BELLA VISTA  - AMAMBAY;0;;;Si;1;Campańa;996;26/27;;0;0;0;0;0;;;;;;;;;;;;;;;;;;56;0;0;RAFAEL HEISECKE;CENTRO;;0;No
1383;LA TERESA .26E ARROZ 26/27;245;LA TERESA;1102;.26E;50;ARROZ;42;ARROZ;;7,76;61;0;;BELLA VISTA  - AMAMBAY;0;;;Si;1;Campańa;996;26/27;;;;;;;;;;;;;;;;;;;;;;;;56;;;RAFAEL HEISECKE;CENTRO;;0;
1384;LA TERESA .26F ARROZ 26/27;245;LA TERESA;1103;.26F;50;ARROZ;42;ARROZ;;7,73;61;0;;BELLA VISTA  - AMAMBAY;0;;;Si;1;Campańa;996;26/27;;;;;;;;;;;;;;;;;;;;;;;;56;;;RAFAEL HEISECKE;CENTRO;;0;
1385;LA TERESA .27E ARROZ 26/27;245;LA TERESA;807;.27E;50;ARROZ;42;ARROZ;;16,22;61;0;;BELLA VISTA  - AMAMBAY;0;;;Si;1;Campańa;996;26/27;;;;;;;;;;;;;;;;;;;;;;;;56;;;RAFAEL HEISECKE;CENTRO;;0;
1386;LA TERESA .27G ARROZ 26/27;245;LA TERESA;1183;.27G;50;ARROZ;42;ARROZ;;8,35;61;0;0;BELLA VISTA  - AMAMBAY;0;;;Si;1;Campańa;996;26/27;;0;0;0;0;0;;;;;;;;;;;;;;;;;;56;0;0;RAFAEL HEISECKE;CENTRO;;0;No
1387;LA TERESA .40A ARROZ 26/27;245;LA TERESA;1086;.40A;50;ARROZ;42;ARROZ;;40,77;61;0;;BELLA VISTA  - AMAMBAY;0;;;Si;1;Campańa;996;26/27;;;;;;;;;;;;;;;;;;;;;;;;56;;;RAFAEL HEISECKE;CENTRO;;0;
1388;LA TERESA .40B ARROZ 26/27;245;LA TERESA;1087;.40B;50;ARROZ;42;ARROZ;;42,9;61;0;;BELLA VISTA  - AMAMBAY;0;;;Si;1;Campańa;996;26/27;;;;;;;;;;;;;;;;;;;;;;;;56;;;RAFAEL HEISECKE;CENTRO;;0;
1389;LA TERESA .41 ARROZ 26/27;245;LA TERESA;867;.41;50;ARROZ;42;ARROZ;;40,56;61;0;;BELLA VISTA  - AMAMBAY;0;;;Si;1;Campańa;996;26/27;;;;;;;;;;;;;;;;;;;;;;;;56;;;RAFAEL HEISECKE;CENTRO;;0;
1390;LA TERESA .42 ARROZ 26/27;245;LA TERESA;866;.42;50;ARROZ;42;ARROZ;;50,5;61;0;;BELLA VISTA  - AMAMBAY;0;;;Si;1;Campańa;996;26/27;;;;;;;;;;;;;;;;;;;;;;;;56;;;RAFAEL HEISECKE;CENTRO;;0;
1391;LA TERESA .43 ARROZ 26/27;245;LA TERESA;865;.43;50;ARROZ;42;ARROZ;;67;61;0;;BELLA VISTA  - AMAMBAY;0;;;Si;1;Campańa;996;26/27;;;;;;;;;;;;;;;;;;;;;;;;56;;;RAFAEL HEISECKE;CENTRO;;0;
1392;LA TERESA .44 ARROZ 26/27;245;LA TERESA;864;.44;50;ARROZ;42;ARROZ;;42,44;61;0;;BELLA VISTA  - AMAMBAY;0;;;Si;1;Campańa;996;26/27;;;;;;;;;;;;;;;;;;;;;;;;56;;;RAFAEL HEISECKE;CENTRO;;0;
1393;LA TERESA .45 ARROZ 26/27;245;LA TERESA;863;.45;50;ARROZ;42;ARROZ;;33,98;61;0;;BELLA VISTA  - AMAMBAY;0;;;Si;1;Campańa;996;26/27;;;;;;;;;;;;;;;;;;;;;;;;56;;;RAFAEL HEISECKE;CENTRO;;0;
1394;LA TERESA .46 ARROZ 26/27;245;LA TERESA;862;.46;50;ARROZ;42;ARROZ;;25,24;61;0;;BELLA VISTA  - AMAMBAY;0;;;Si;1;Campańa;996;26/27;;;;;;;;;;;;;;;;;;;;;;;;56;;;RAFAEL HEISECKE;CENTRO;;0;
1395;LA TERESA .47 ARROZ 26/27;245;LA TERESA;861;.47;50;ARROZ;42;ARROZ;;22,8;61;0;;BELLA VISTA  - AMAMBAY;0;;;Si;1;Campańa;996;26/27;;;;;;;;;;;;;;;;;;;;;;;;56;;;RAFAEL HEISECKE;CENTRO;;0;
1396;LA TERESA .54 ARROZ 26/27;245;LA TERESA;1018;.54;50;ARROZ;42;ARROZ;;23,4;61;0;;BELLA VISTA  - AMAMBAY;0;;;Si;1;Campańa;996;26/27;;;;;;;;;;;;;;;;;;;;;;;;56;;;RAFAEL HEISECKE;CENTRO;;0;
1397;LA TERESA .27H ARROZ 26/27;245;LA TERESA;1204;.27H;50;ARROZ;42;ARROZ;;6,45;61;0;0;BELLA VISTA  - AMAMBAY;0;;;Si;1;Campańa;996;26/27;;0;0;0;0;0;;;;;;;;;;;;;;;;;;56;0;0;RAFAEL HEISECKE;CENTRO;;0;No
1398;LA TERESA 215 ARROZ 26/27;245;LA TERESA;822;215;50;ARROZ;42;ARROZ;;41,1;61;0;0;BELLA VISTA  - AMAMBAY;0;;;Si;1;Campańa;996;26/27;;0;0;0;0;0;;;;;;;;;;;;;;;;;;56;0;0;RAFAEL HEISECKE;CENTRO;;0;No
1399;LA TERESA 143A ARROZ 26/27;245;LA TERESA;1205;143A;50;ARROZ;42;ARROZ;;15;61;0;;BELLA VISTA  - AMAMBAY;0;;;Si;1;Campańa;996;26/27;;;;;;;;;;;;;;;;;;;;;;;;56;;;RAFAEL HEISECKE;CENTRO;;0;
1400;LA TERESA 143B ARROZ 26/27;245;LA TERESA;1206;143B;50;ARROZ;42;ARROZ;;13;61;0;;BELLA VISTA  - AMAMBAY;0;;;Si;1;Campańa;996;26/27;;;;;;;;;;;;;;;;;;;;;;;;56;;;RAFAEL HEISECKE;CENTRO;;0;
1401;LA TERESA 144B ARROZ 26/27;245;LA TERESA;1207;144B;50;ARROZ;42;ARROZ;;22,1;61;0;;BELLA VISTA  - AMAMBAY;0;;;Si;1;Campańa;996;26/27;;;;;;;;;;;;;;;;;;;;;;;;56;;;RAFAEL HEISECKE;CENTRO;;0;
1402;LA TERESA 145B ARROZ 26/27;245;LA TERESA;1208;145B;50;ARROZ;42;ARROZ;;16;61;0;;BELLA VISTA  - AMAMBAY;0;;;Si;1;Campańa;996;26/27;;;;;;;;;;;;;;;;;;;;;;;;56;;;RAFAEL HEISECKE;CENTRO;;0;
1403;LA TERESA 148B ARROZ 26/27;245;LA TERESA;1209;148B;50;ARROZ;42;ARROZ;;7,6;61;0;;BELLA VISTA  - AMAMBAY;0;;;Si;1;Campańa;996;26/27;;;;;;;;;;;;;;;;;;;;;;;;56;;;RAFAEL HEISECKE;CENTRO;;0;
1404;LA TERESA 205B ARROZ 26/27;245;LA TERESA;1210;205B;50;ARROZ;42;ARROZ;;7,47;61;0;;BELLA VISTA  - AMAMBAY;0;;;Si;1;Campańa;996;26/27;;;;;;;;;;;;;;;;;;;;;;;;56;;;RAFAEL HEISECKE;CENTRO;;0;
1405;LA TERESA .39C ARROZ 26/27;245;LA TERESA;1211;.39C;50;ARROZ;42;ARROZ;;32,7;61;0;;BELLA VISTA  - AMAMBAY;0;;;Si;1;Campańa;996;26/27;;;;;;;;;;;;;;;;;;;;;;;;56;;;RAFAEL HEISECKE;CENTRO;;0;
1406;LA TERESA .39A ARROZ 26/27;245;LA TERESA;1191;.39A;50;ARROZ;42;ARROZ;;26,35;61;0;;BELLA VISTA  - AMAMBAY;0;;;Si;1;Campańa;996;26/27;;;;;;;;;;;;;;;;;;;;;;;;56;;;RAFAEL HEISECKE;CENTRO;;0;
1407;LA TERESA .39E ARROZ 26/27;245;LA TERESA;1212;.39E;50;ARROZ;42;ARROZ;;28,7;61;0;;BELLA VISTA  - AMAMBAY;0;;;Si;1;Campańa;996;26/27;;;;;;;;;;;;;;;;;;;;;;;;56;;;RAFAEL HEISECKE;CENTRO;;0;
1408;LA TERESA .37A ARROZ 26/27;245;LA TERESA;880;.37A;50;ARROZ;42;ARROZ;;45,83;61;0;;BELLA VISTA  - AMAMBAY;0;;;Si;1;Campańa;996;26/27;;;;;;;;;;;;;;;;;;;;;;;;56;;;RAFAEL HEISECKE;CENTRO;;0;
1409;LA TERESA .37B ARROZ 26/27;245;LA TERESA;881;.37B;50;ARROZ;42;ARROZ;;56,24;61;0;;BELLA VISTA  - AMAMBAY;0;;;Si;1;Campańa;996;26/27;;;;;;;;;;;;;;;;;;;;;;;;56;;;RAFAEL HEISECKE;CENTRO;;0;
1410;LA TERESA .35A ARROZ 26/27;245;LA TERESA;879;.35A;50;ARROZ;42;ARROZ;;50,3;61;0;;BELLA VISTA  - AMAMBAY;0;;;Si;1;Campańa;996;26/27;;;;;;;;;;;;;;;;;;;;;;;;56;;;RAFAEL HEISECKE;CENTRO;;0;
1411;LA TERESA .35B ARROZ 26/27;245;LA TERESA;773;.35B;50;ARROZ;42;ARROZ;;43,64;61;0;;BELLA VISTA  - AMAMBAY;0;;;Si;1;Campańa;996;26/27;;;;;;;;;;;;;;;;;;;;;;;;56;;;RAFAEL HEISECKE;CENTRO;;0;
1412;LA TERESA .33A ARROZ 26/27;245;LA TERESA;877;.33A;50;ARROZ;42;ARROZ;;49,42;61;0;;BELLA VISTA  - AMAMBAY;0;;;Si;1;Campańa;996;26/27;;;;;;;;;;;;;;;;;;;;;;;;56;;;RAFAEL HEISECKE;CENTRO;;0;
1413;LA TERESA .33B ARROZ 26/27;245;LA TERESA;878;.33B;50;ARROZ;42;ARROZ;;56,01;61;0;;BELLA VISTA  - AMAMBAY;0;;;Si;1;Campańa;996;26/27;;;;;;;;;;;;;;;;;;;;;;;;56;;;RAFAEL HEISECKE;CENTRO;;0;
1414;LA TERESA .31A ARROZ 26/27;245;LA TERESA;768;.31A;50;ARROZ;42;ARROZ;;52,94;61;0;;BELLA VISTA  - AMAMBAY;0;;;Si;1;Campańa;996;26/27;;;;;;;;;;;;;;;;;;;;;;;;56;;;RAFAEL HEISECKE;CENTRO;;0;
1415;LA TERESA .31B ARROZ 26/27;245;LA TERESA;769;.31B;50;ARROZ;42;ARROZ;;47;61;0;;BELLA VISTA  - AMAMBAY;0;;;Si;1;Campańa;996;26/27;;;;;;;;;;;;;;;;;;;;;;;;56;;;RAFAEL HEISECKE;CENTRO;;0;
1417;LA TERESA .48 A RECUPERAR RH 26/27;245;LA TERESA;1088;.48;88;A RECUPERAR RH;91;A RECUPERAR RH;;24,92;61;0;;BELLA VISTA  - AMAMBAY;0;;;Si;1;Campańa;996;26/27;;;;;;;;;;;;;;;;;;;;;;;;56;;;RAFAEL HEISECKE;CENTRO;;0;
1418;LA TERESA .49 A RECUPERAR RH 26/27;245;LA TERESA;1089;.49;88;A RECUPERAR RH;91;A RECUPERAR RH;;24,96;61;0;;BELLA VISTA  - AMAMBAY;0;;;Si;1;Campańa;996;26/27;;;;;;;;;;;;;;;;;;;;;;;;56;;;RAFAEL HEISECKE;CENTRO;;0;
1419;LA TERESA .50 A RECUPERAR RH 26/27;245;LA TERESA;1090;.50;88;A RECUPERAR RH;91;A RECUPERAR RH;;24,66;61;0;;BELLA VISTA  - AMAMBAY;0;;;Si;1;Campańa;996;26/27;;;;;;;;;;;;;;;;;;;;;;;;56;;;RAFAEL HEISECKE;CENTRO;;0;
1420;LA TERESA .51 A RECUPERAR RH 26/27;245;LA TERESA;1091;.51;88;A RECUPERAR RH;91;A RECUPERAR RH;;26,87;61;0;;BELLA VISTA  - AMAMBAY;0;;;Si;1;Campańa;996;26/27;;;;;;;;;;;;;;;;;;;;;;;;56;;;RAFAEL HEISECKE;CENTRO;;0;
1421;LA TERESA .52A A RECUPERAR RH 26/27;245;LA TERESA;1043;.52A;88;A RECUPERAR RH;91;A RECUPERAR RH;;13,7;61;0;;BELLA VISTA  - AMAMBAY;0;;;Si;1;Campańa;996;26/27;;;;;;;;;;;;;;;;;;;;;;;;56;;;RAFAEL HEISECKE;CENTRO;;0;
1422;LA TERESA .03A A RECUPERAR RH 26/27;245;LA TERESA;741;.03A;88;A RECUPERAR RH;91;A RECUPERAR RH;;41,2;61;0;;BELLA VISTA  - AMAMBAY;0;;;Si;1;Campańa;996;26/27;;;;;;;;;;;;;;;;;;;;;;;;56;;;RAFAEL HEISECKE;CENTRO;;0;
1423;LA TERESA .03B A RECUPERAR RH 26/27;245;LA TERESA;742;.03B;88;A RECUPERAR RH;91;A RECUPERAR RH;;37,4;61;0;;BELLA VISTA  - AMAMBAY;0;;;Si;1;Campańa;996;26/27;;;;;;;;;;;;;;;;;;;;;;;;56;;;RAFAEL HEISECKE;CENTRO;;0;
1424;LA TERESA .04 A RECUPERAR RH 26/27;245;LA TERESA;743;.04;88;A RECUPERAR RH;91;A RECUPERAR RH;;20,19;61;0;;BELLA VISTA  - AMAMBAY;0;;;Si;1;Campańa;996;26/27;;;;;;;;;;;;;;;;;;;;;;;;56;;;RAFAEL HEISECKE;CENTRO;;0;
1425;LA TERESA .09B A RECUPERAR RH 26/27;245;LA TERESA;746;.09B;88;A RECUPERAR RH;91;A RECUPERAR RH;;14,9;61;0;;BELLA VISTA  - AMAMBAY;0;;;Si;1;Campańa;996;26/27;;;;;;;;;;;;;;;;;;;;;;;;56;;;RAFAEL HEISECKE;CENTRO;;0;
1426;LA TERESA .09D A RECUPERAR RH 26/27;245;LA TERESA;744;.09D;88;A RECUPERAR RH;91;A RECUPERAR RH;;32,8;61;0;;BELLA VISTA  - AMAMBAY;0;;;Si;1;Campańa;996;26/27;;;;;;;;;;;;;;;;;;;;;;;;56;;;RAFAEL HEISECKE;CENTRO;;0;
1427;LA TERESA .09A A RECUPERAR RH 26/27;245;LA TERESA;747;.09A;88;A RECUPERAR RH;91;A RECUPERAR RH;;21,13;61;0;;BELLA VISTA  - AMAMBAY;0;;;Si;1;Campańa;996;26/27;;;;;;;;;;;;;;;;;;;;;;;;56;;;RAFAEL HEISECKE;CENTRO;;0;
1428;LA TERESA .05A A RECUPERAR RH 26/27;245;LA TERESA;749;.05A;88;A RECUPERAR RH;91;A RECUPERAR RH;;29,9;61;0;;BELLA VISTA  - AMAMBAY;0;;;Si;1;Campańa;996;26/27;;;;;;;;;;;;;;;;;;;;;;;;56;;;RAFAEL HEISECKE;CENTRO;;0;
1429;LA TERESA .05B A RECUPERAR RH 26/27;245;LA TERESA;750;.05B;88;A RECUPERAR RH;91;A RECUPERAR RH;;29,1;61;0;;BELLA VISTA  - AMAMBAY;0;;;Si;1;Campańa;996;26/27;;;;;;;;;;;;;;;;;;;;;;;;56;;;RAFAEL HEISECKE;CENTRO;;0;
1430;LA TERESA .06A A RECUPERAR RH 26/27;245;LA TERESA;764;.06A;88;A RECUPERAR RH;91;A RECUPERAR RH;;44,7;61;0;;BELLA VISTA  - AMAMBAY;0;;;Si;1;Campańa;996;26/27;;;;;;;;;;;;;;;;;;;;;;;;56;;;RAFAEL HEISECKE;CENTRO;;0;
1431;LA TERESA .06B A RECUPERAR RH 26/27;245;LA TERESA;765;.06B;88;A RECUPERAR RH;91;A RECUPERAR RH;;36,9;61;0;;BELLA VISTA  - AMAMBAY;0;;;Si;1;Campańa;996;26/27;;;;;;;;;;;;;;;;;;;;;;;;56;;;RAFAEL HEISECKE;CENTRO;;0;
1432;LA TERESA .07A A RECUPERAR RH 26/27;245;LA TERESA;766;.07A;88;A RECUPERAR RH;91;A RECUPERAR RH;;24,7;61;0;;BELLA VISTA  - AMAMBAY;0;;;Si;1;Campańa;996;26/27;;;;;;;;;;;;;;;;;;;;;;;;56;;;RAFAEL HEISECKE;CENTRO;;0;
1433;LA TERESA .09E A RECUPERAR RH 26/27;245;LA TERESA;951;.09E;88;A RECUPERAR RH;91;A RECUPERAR RH;;32,76;61;0;;BELLA VISTA  - AMAMBAY;0;;;Si;1;Campańa;996;26/27;;;;;;;;;;;;;;;;;;;;;;;;56;;;RAFAEL HEISECKE;CENTRO;;0;
1434;LA TERESA .11A A RECUPERAR RH 26/27;245;LA TERESA;748;.11A;88;A RECUPERAR RH;91;A RECUPERAR RH;;71,9;61;0;;BELLA VISTA  - AMAMBAY;0;;;Si;1;Campańa;996;26/27;;;;;;;;;;;;;;;;;;;;;;;;56;;;RAFAEL HEISECKE;CENTRO;;0;
1435;LA TERESA .11B A RECUPERAR RH 26/27;245;LA TERESA;797;.11B;88;A RECUPERAR RH;91;A RECUPERAR RH;;39,1;61;0;;BELLA VISTA  - AMAMBAY;0;;;Si;1;Campańa;996;26/27;;;;;;;;;;;;;;;;;;;;;;;;56;;;RAFAEL HEISECKE;CENTRO;;0;
1436;LA TERESA .13 A RECUPERAR RH 26/27;245;LA TERESA;751;.13;88;A RECUPERAR RH;91;A RECUPERAR RH;;25;61;0;;BELLA VISTA  - AMAMBAY;0;;;Si;1;Campańa;996;26/27;;;;;;;;;;;;;;;;;;;;;;;;56;;;RAFAEL HEISECKE;CENTRO;;0;
1437;LA TERESA .15 A RECUPERAR RH 26/27;245;LA TERESA;901;.15;88;A RECUPERAR RH;91;A RECUPERAR RH;;38,42;61;0;;BELLA VISTA  - AMAMBAY;0;;;Si;1;Campańa;996;26/27;;;;;;;;;;;;;;;;;;;;;;;;56;;;RAFAEL HEISECKE;CENTRO;;0;
1438;LA TERESA .16 A RECUPERAR RH 26/27;245;LA TERESA;902;.16;88;A RECUPERAR RH;91;A RECUPERAR RH;;27,67;61;0;;BELLA VISTA  - AMAMBAY;0;;;Si;1;Campańa;996;26/27;;;;;;;;;;;;;;;;;;;;;;;;56;;;RAFAEL HEISECKE;CENTRO;;0;
1439;LA TERESA .17 A RECUPERAR RH 26/27;245;LA TERESA;903;.17;88;A RECUPERAR RH;91;A RECUPERAR RH;;32,01;61;0;;BELLA VISTA  - AMAMBAY;0;;;Si;1;Campańa;996;26/27;;;;;;;;;;;;;;;;;;;;;;;;56;;;RAFAEL HEISECKE;CENTRO;;0;
1440;LA TERESA .18 A RECUPERAR RH 26/27;245;LA TERESA;904;.18;88;A RECUPERAR RH;91;A RECUPERAR RH;;37,52;61;0;;BELLA VISTA  - AMAMBAY;0;;;Si;1;Campańa;996;26/27;;;;;;;;;;;;;;;;;;;;;;;;56;;;RAFAEL HEISECKE;CENTRO;;0;
1441;LA TERESA .19A A RECUPERAR RH 26/27;245;LA TERESA;905;.19A;88;A RECUPERAR RH;91;A RECUPERAR RH;;25,94;61;0;;BELLA VISTA  - AMAMBAY;0;;;Si;1;Campańa;996;26/27;;;;;;;;;;;;;;;;;;;;;;;;56;;;RAFAEL HEISECKE;CENTRO;;0;
1442;LA TERESA .19B A RECUPERAR RH 26/27;245;LA TERESA;906;.19B;88;A RECUPERAR RH;91;A RECUPERAR RH;;28,44;61;0;;BELLA VISTA  - AMAMBAY;0;;;Si;1;Campańa;996;26/27;;;;;;;;;;;;;;;;;;;;;;;;56;;;RAFAEL HEISECKE;CENTRO;;0;
1443;LA TERESA .20 A RECUPERAR RH 26/27;245;LA TERESA;907;.20;88;A RECUPERAR RH;91;A RECUPERAR RH;;36,6;61;0;;BELLA VISTA  - AMAMBAY;0;;;Si;1;Campańa;996;26/27;;;;;;;;;;;;;;;;;;;;;;;;56;;;RAFAEL HEISECKE;CENTRO;;0;
1444;LA TERESA .21A A RECUPERAR RH 26/27;245;LA TERESA;908;.21A;88;A RECUPERAR RH;91;A RECUPERAR RH;;30,01;61;0;;BELLA VISTA  - AMAMBAY;0;;;Si;1;Campańa;996;26/27;;;;;;;;;;;;;;;;;;;;;;;;56;;;RAFAEL HEISECKE;CENTRO;;0;
1445;LA TERESA .21B A RECUPERAR RH 26/27;245;LA TERESA;909;.21B;88;A RECUPERAR RH;91;A RECUPERAR RH;;38,72;61;0;;BELLA VISTA  - AMAMBAY;0;;;Si;1;Campańa;996;26/27;;;;;;;;;;;;;;;;;;;;;;;;56;;;RAFAEL HEISECKE;CENTRO;;0;
1446;LA TERESA .22 A RECUPERAR RH 26/27;245;LA TERESA;910;.22;88;A RECUPERAR RH;91;A RECUPERAR RH;;39,8;61;0;;BELLA VISTA  - AMAMBAY;0;;;Si;1;Campańa;996;26/27;;;;;;;;;;;;;;;;;;;;;;;;56;;;RAFAEL HEISECKE;CENTRO;;0;
1447;LA TERESA .23A A RECUPERAR RH 26/27;245;LA TERESA;911;.23A;88;A RECUPERAR RH;91;A RECUPERAR RH;;41,51;61;0;;BELLA VISTA  - AMAMBAY;0;;;Si;1;Campańa;996;26/27;;;;;;;;;;;;;;;;;;;;;;;;56;;;RAFAEL HEISECKE;CENTRO;;0;
1448;LA TERESA .23B A RECUPERAR RH 26/27;245;LA TERESA;912;.23B;88;A RECUPERAR RH;91;A RECUPERAR RH;;51,94;61;0;;BELLA VISTA  - AMAMBAY;0;;;Si;1;Campańa;996;26/27;;;;;;;;;;;;;;;;;;;;;;;;56;;;RAFAEL HEISECKE;CENTRO;;0;
1449;LA TERESA .25B A RECUPERAR RH 26/27;245;LA TERESA;914;.25B;88;A RECUPERAR RH;91;A RECUPERAR RH;;14,15;61;0;;BELLA VISTA  - AMAMBAY;0;;;Si;1;Campańa;996;26/27;;;;;;;;;;;;;;;;;;;;;;;;56;;;RAFAEL HEISECKE;CENTRO;;0;
1450;LA TERESA .89 A RECUPERAR RH 26/27;245;LA TERESA;776;.89;88;A RECUPERAR RH;91;A RECUPERAR RH;;17,4;61;0;;BELLA VISTA  - AMAMBAY;0;;;Si;1;Campańa;996;26/27;;;;;;;;;;;;;;;;;;;;;;;;56;;;RAFAEL HEISECKE;CENTRO;;0;
1451;LA TERESA 108 A RECUPERAR RH 26/27;245;LA TERESA;774;108;88;A RECUPERAR RH;91;A RECUPERAR RH;;21,5;61;0;;BELLA VISTA  - AMAMBAY;0;;;Si;1;Campańa;996;26/27;;;;;;;;;;;;;;;;;;;;;;;;56;;;RAFAEL HEISECKE;CENTRO;;0;
1452;LA TERESA 110B A RECUPERAR RH 26/27;245;LA TERESA;775;110B;88;A RECUPERAR RH;91;A RECUPERAR RH;;8,3;61;0;;BELLA VISTA  - AMAMBAY;0;;;Si;1;Campańa;996;26/27;;;;;;;;;;;;;;;;;;;;;;;;56;;;RAFAEL HEISECKE;CENTRO;;0;
1453;LA TERESA 111 A RECUPERAR RH 26/27;245;LA TERESA;827;111;88;A RECUPERAR RH;91;A RECUPERAR RH;;17,7;61;0;;BELLA VISTA  - AMAMBAY;0;;;Si;1;Campańa;996;26/27;;;;;;;;;;;;;;;;;;;;;;;;56;;;RAFAEL HEISECKE;CENTRO;;0;
1454;LA TERESA 110A A RECUPERAR RH 26/27;245;LA TERESA;826;110A;88;A RECUPERAR RH;91;A RECUPERAR RH;;24;61;0;;BELLA VISTA  - AMAMBAY;0;;;Si;1;Campańa;996;26/27;;;;;;;;;;;;;;;;;;;;;;;;56;;;RAFAEL HEISECKE;CENTRO;;0;
1455;LA TERESA 109 A RECUPERAR RH 26/27;245;LA TERESA;850;109;88;A RECUPERAR RH;91;A RECUPERAR RH;;29,5;61;0;;BELLA VISTA  - AMAMBAY;0;;;Si;1;Campańa;996;26/27;;;;;;;;;;;;;;;;;;;;;;;;56;;;RAFAEL HEISECKE;CENTRO;;0;
1456;LA TERESA .90 A RECUPERAR RH 26/27;245;LA TERESA;851;.90;88;A RECUPERAR RH;91;A RECUPERAR RH;;15,5;61;0;;BELLA VISTA  - AMAMBAY;0;;;Si;1;Campańa;996;26/27;;;;;;;;;;;;;;;;;;;;;;;;56;;;RAFAEL HEISECKE;CENTRO;;0;
1457;LA TERESA 112A A RECUPERAR RH 26/27;245;LA TERESA;1145;112A;88;A RECUPERAR RH;91;A RECUPERAR RH;;23,58;61;0;;BELLA VISTA  - AMAMBAY;0;;;Si;1;Campańa;996;26/27;;;;;;;;;;;;;;;;;;;;;;;;56;;;RAFAEL HEISECKE;CENTRO;;0;
1458;LA TERESA 113C A RECUPERAR RH 26/27;245;LA TERESA;1185;113C;88;A RECUPERAR RH;91;A RECUPERAR RH;;27,73;61;0;;BELLA VISTA  - AMAMBAY;0;;;Si;1;Campańa;996;26/27;;;;;;;;;;;;;;;;;;;;;;;;56;;;RAFAEL HEISECKE;CENTRO;;0;
1459;LA TERESA 113B A RECUPERAR RH 26/27;245;LA TERESA;1186;113B;88;A RECUPERAR RH;91;A RECUPERAR RH;;12,76;61;0;;BELLA VISTA  - AMAMBAY;0;;;Si;1;Campańa;996;26/27;;;;;;;;;;;;;;;;;;;;;;;;56;;;RAFAEL HEISECKE;CENTRO;;0;
1460;LA TERESA .23C A RECUPERAR RH 26/27;245;LA TERESA;939;.23C;88;A RECUPERAR RH;91;A RECUPERAR RH;;20;61;0;;BELLA VISTA  - AMAMBAY;0;;;Si;1;Campańa;996;26/27;;;;;;;;;;;;;;;;;;;;;;;;56;;;RAFAEL HEISECKE;CENTRO;;0;
1461;LA TERESA .23D A RECUPERAR RH 26/27;245;LA TERESA;940;.23D;88;A RECUPERAR RH;91;A RECUPERAR RH;;24,93;61;0;;BELLA VISTA  - AMAMBAY;0;;;Si;1;Campańa;996;26/27;;;;;;;;;;;;;;;;;;;;;;;;56;;;RAFAEL HEISECKE;CENTRO;;0;
1462;LA TERESA .25a SOJA 26/27;245;LA TERESA;913;.25a;53;SOJA;36;SOJA;;14,15;61;0;0;BELLA VISTA  - AMAMBAY;0;;;Si;1;Campańa;996;26/27;;0;0;0;0;0;;;;;;;;;;;;;;;;;;56;0;0;RAFAEL HEISECKE;CENTRO;;0;No
1463;LA TERESA .03A SOJA 26/27;245;LA TERESA;741;.03A;53;SOJA;36;SOJA;;41,2;61;0;;BELLA VISTA  - AMAMBAY;0;;;Si;1;Campańa;996;26/27;;;;;;;;;;;;;;;;;;;;;;;;56;;;RAFAEL HEISECKE;CENTRO;;0;
1464;LA TERESA .03B SOJA 26/27;245;LA TERESA;742;.03B;53;SOJA;36;SOJA;;37,4;61;0;0;BELLA VISTA  - AMAMBAY;0;;;Si;1;Campańa;996;26/27;;0;0;0;0;0;;;;;;;;;;;;;;;;;;56;0;0;RAFAEL HEISECKE;CENTRO;;0;No
1465;LA TERESA .04 SOJA 26/27;245;LA TERESA;743;.04;53;SOJA;36;SOJA;;19,79;61;0;0;BELLA VISTA  - AMAMBAY;0;;;Si;1;Campańa;996;26/27;;0;0;0;0;0;;;;;;;;;;;;;;;;;;56;0;0;RAFAEL HEISECKE;CENTRO;;0;No
1466;LA TERESA .05A SOJA 26/27;245;LA TERESA;749;.05A;53;SOJA;36;SOJA;;29,89;61;0;0;BELLA VISTA  - AMAMBAY;0;;;Si;1;Campańa;996;26/27;;0;0;0;0;0;;;;;;;;;;;;;;;;;;56;0;0;RAFAEL HEISECKE;CENTRO;;0;No
1467;LA TERESA .06A SOJA 26/27;245;LA TERESA;764;.06A;53;SOJA;36;SOJA;;44,7;61;0;;BELLA VISTA  - AMAMBAY;0;;;Si;1;Campańa;996;26/27;;;;;;;;;;;;;;;;;;;;;;;;56;;;RAFAEL HEISECKE;CENTRO;;0;
1468;LA TERESA .05B SOJA 26/27;245;LA TERESA;750;.05B;53;SOJA;36;SOJA;;29,14;61;0;0;BELLA VISTA  - AMAMBAY;0;;;Si;1;Campańa;996;26/27;;0;0;0;0;0;;;;;;;;;;;;;;;;;;56;0;0;RAFAEL HEISECKE;CENTRO;;0;No
1469;LA TERESA .06B SOJA 26/27;245;LA TERESA;765;.06B;53;SOJA;36;SOJA;;36,9;61;0;;BELLA VISTA  - AMAMBAY;0;;;Si;1;Campańa;996;26/27;;;;;;;;;;;;;;;;;;;;;;;;56;;;RAFAEL HEISECKE;CENTRO;;0;
1470;LA TERESA .07A SOJA 26/27;245;LA TERESA;766;.07A;53;SOJA;36;SOJA;;24,7;61;0;;BELLA VISTA  - AMAMBAY;0;;;Si;1;Campańa;996;26/27;;;;;;;;;;;;;;;;;;;;;;;;56;;;RAFAEL HEISECKE;CENTRO;;0;
1471;LA TERESA .09A SOJA 26/27;245;LA TERESA;747;.09A;53;SOJA;36;SOJA;;21,13;61;0;;BELLA VISTA  - AMAMBAY;0;;;Si;1;Campańa;996;26/27;;;;;;;;;;;;;;;;;;;;;;;;56;;;RAFAEL HEISECKE;CENTRO;;0;
1472;LA TERESA .09B SOJA 26/27;245;LA TERESA;746;.09B;53;SOJA;36;SOJA;;14,88;61;0;0;BELLA VISTA  - AMAMBAY;0;;;Si;1;Campańa;996;26/27;;0;0;0;0;0;;;;;;;;;;;;;;;;;;56;0;0;RAFAEL HEISECKE;CENTRO;;0;No
1473;LA TERESA .09C SOJA 26/27;245;LA TERESA;1164;.09C;53;SOJA;36;SOJA;;11,31;61;0;;BELLA VISTA  - AMAMBAY;0;;;Si;1;Campańa;996;26/27;;;;;;;;;;;;;;;;;;;;;;;;56;;;RAFAEL HEISECKE;CENTRO;;0;
1474;LA TERESA .09D SOJA 26/27;245;LA TERESA;744;.09D;53;SOJA;36;SOJA;;20,93;61;0;0;BELLA VISTA  - AMAMBAY;0;;;Si;1;Campańa;996;26/27;;0;0;0;0;0;;;;;;;;;;;;;;;;;;56;0;0;RAFAEL HEISECKE;CENTRO;;0;No
1475;LA TERESA .09E SOJA 26/27;245;LA TERESA;951;.09E;53;SOJA;36;SOJA;;32,81;61;0;0;BELLA VISTA  - AMAMBAY;0;;;Si;1;Campańa;996;26/27;;0;0;0;0;0;;;;;;;;;;;;;;;;;;56;0;0;RAFAEL HEISECKE;CENTRO;;0;No
1476;LA TERESA .11A SOJA 26/27;245;LA TERESA;748;.11A;53;SOJA;36;SOJA;;30,3;61;0;0;BELLA VISTA  - AMAMBAY;0;;;Si;1;Campańa;996;26/27;;0;0;0;0;0;;;;;;;;;;;;;;;;;;56;0;0;RAFAEL HEISECKE;CENTRO;;0;No
1477;LA TERESA .11B SOJA 26/27;245;LA TERESA;797;.11B;53;SOJA;36;SOJA;;41,48;61;0;0;BELLA VISTA  - AMAMBAY;0;;;Si;1;Campańa;996;26/27;;0;0;0;0;0;;;;;;;;;;;;;;;;;;56;0;0;RAFAEL HEISECKE;CENTRO;;0;No
1478;LA TERESA .11C SOJA 26/27;245;LA TERESA;1165;.11C;53;SOJA;36;SOJA;;39,14;61;0;;BELLA VISTA  - AMAMBAY;0;;;Si;1;Campańa;996;26/27;;;;;;;;;;;;;;;;;;;;;;;;56;;;RAFAEL HEISECKE;CENTRO;;0;
1479;LA TERESA .15 SOJA 26/27;245;LA TERESA;901;.15;53;SOJA;36;SOJA;;38,42;61;0;;BELLA VISTA  - AMAMBAY;0;;;Si;1;Campańa;996;26/27;;;;;;;;;;;;;;;;;;;;;;;;56;;;RAFAEL HEISECKE;CENTRO;;0;
1480;LA TERESA .16 SOJA 26/27;245;LA TERESA;902;.16;53;SOJA;36;SOJA;;27,67;61;0;;BELLA VISTA  - AMAMBAY;0;;;Si;1;Campańa;996;26/27;;;;;;;;;;;;;;;;;;;;;;;;56;;;RAFAEL HEISECKE;CENTRO;;0;
1481;LA TERESA .17 SOJA 26/27;245;LA TERESA;903;.17;53;SOJA;36;SOJA;;32,01;61;0;;BELLA VISTA  - AMAMBAY;0;;;Si;1;Campańa;996;26/27;;;;;;;;;;;;;;;;;;;;;;;;56;;;RAFAEL HEISECKE;CENTRO;;0;
1482;LA TERESA .18 SOJA 26/27;245;LA TERESA;904;.18;53;SOJA;36;SOJA;;37,52;61;0;;BELLA VISTA  - AMAMBAY;0;;;Si;1;Campańa;996;26/27;;;;;;;;;;;;;;;;;;;;;;;;56;;;RAFAEL HEISECKE;CENTRO;;0;
1483;LA TERESA .19A SOJA 26/27;245;LA TERESA;905;.19A;53;SOJA;36;SOJA;;25,94;61;0;;BELLA VISTA  - AMAMBAY;0;;;Si;1;Campańa;996;26/27;;;;;;;;;;;;;;;;;;;;;;;;56;;;RAFAEL HEISECKE;CENTRO;;0;
1484;LA TERESA .19B SOJA 26/27;245;LA TERESA;906;.19B;53;SOJA;36;SOJA;;28,44;61;0;;BELLA VISTA  - AMAMBAY;0;;;Si;1;Campańa;996;26/27;;;;;;;;;;;;;;;;;;;;;;;;56;;;RAFAEL HEISECKE;CENTRO;;0;
1485;LA TERESA .19C SOJA 26/27;245;LA TERESA;943;.19C;53;SOJA;36;SOJA;;42,51;61;0;;BELLA VISTA  - AMAMBAY;0;;;Si;1;Campańa;996;26/27;;;;;;;;;;;;;;;;;;;;;;;;56;;;RAFAEL HEISECKE;CENTRO;;0;
1486;LA TERESA .20 SOJA 26/27;245;LA TERESA;907;.20;53;SOJA;36;SOJA;;36,59;61;0;0;BELLA VISTA  - AMAMBAY;0;;;Si;1;Campańa;996;26/27;;0;0;0;0;0;;;;;;;;;;;;;;;;;;56;0;0;RAFAEL HEISECKE;CENTRO;;0;No
1487;LA TERESA .21A SOJA 26/27;245;LA TERESA;908;.21A;53;SOJA;36;SOJA;;30,01;61;0;;BELLA VISTA  - AMAMBAY;0;;;Si;1;Campańa;996;26/27;;;;;;;;;;;;;;;;;;;;;;;;56;;;RAFAEL HEISECKE;CENTRO;;0;
1488;LA TERESA .21B SOJA 26/27;245;LA TERESA;909;.21B;53;SOJA;36;SOJA;;38,72;61;0;;BELLA VISTA  - AMAMBAY;0;;;Si;1;Campańa;996;26/27;;;;;;;;;;;;;;;;;;;;;;;;56;;;RAFAEL HEISECKE;CENTRO;;0;
1489;LA TERESA .21C SOJA 26/27;245;LA TERESA;941;.21C;53;SOJA;36;SOJA;;22,69;61;0;;BELLA VISTA  - AMAMBAY;0;;;Si;1;Campańa;996;26/27;;;;;;;;;;;;;;;;;;;;;;;;56;;;RAFAEL HEISECKE;CENTRO;;0;
1490;LA TERESA .21D SOJA 26/27;245;LA TERESA;942;.21D;53;SOJA;36;SOJA;;29,44;61;0;;BELLA VISTA  - AMAMBAY;0;;;Si;1;Campańa;996;26/27;;;;;;;;;;;;;;;;;;;;;;;;56;;;RAFAEL HEISECKE;CENTRO;;0;
1491;LA TERESA .23A SOJA 26/27;245;LA TERESA;911;.23A;53;SOJA;36;SOJA;;41,51;61;0;;BELLA VISTA  - AMAMBAY;0;;;Si;1;Campańa;996;26/27;;;;;;;;;;;;;;;;;;;;;;;;56;;;RAFAEL HEISECKE;CENTRO;;0;
1492;LA TERESA .23B SOJA 26/27;245;LA TERESA;912;.23B;53;SOJA;36;SOJA;;51,94;61;0;;BELLA VISTA  - AMAMBAY;0;;;Si;1;Campańa;996;26/27;;;;;;;;;;;;;;;;;;;;;;;;56;;;RAFAEL HEISECKE;CENTRO;;0;
1493;LA TERESA .23C SOJA 26/27;245;LA TERESA;939;.23C;53;SOJA;36;SOJA;;24,9;61;0;0;BELLA VISTA  - AMAMBAY;0;;;Si;1;Campańa;996;26/27;;0;0;0;0;0;;;;;;;;;;;;;;;;;;56;0;0;RAFAEL HEISECKE;CENTRO;;0;No
1494;LA TERESA .23D SOJA 26/27;245;LA TERESA;940;.23D;53;SOJA;36;SOJA;;19,97;61;0;0;BELLA VISTA  - AMAMBAY;0;;;Si;1;Campańa;996;26/27;;0;0;0;0;0;;;;;;;;;;;;;;;;;;56;0;0;RAFAEL HEISECKE;CENTRO;;0;No
1495;LA TERESA .89 SOJA 26/27;245;LA TERESA;776;.89;53;SOJA;36;SOJA;;17,35;61;0;0;BELLA VISTA  - AMAMBAY;0;;;Si;1;Campańa;996;26/27;;0;0;0;0;0;;;;;;;;;;;;;;;;;;56;0;0;RAFAEL HEISECKE;CENTRO;;0;No
1496;LA TERESA .90 SOJA 26/27;245;LA TERESA;851;.90;53;SOJA;36;SOJA;;15,46;61;0;0;BELLA VISTA  - AMAMBAY;0;;;Si;1;Campańa;996;26/27;;0;0;0;0;0;;;;;;;;;;;;;;;;;;56;0;0;RAFAEL HEISECKE;CENTRO;;0;No
1497;LA TERESA .95B SOJA 26/27;245;LA TERESA;929;.95B;53;SOJA;36;SOJA;;35;61;0;0;BELLA VISTA  - AMAMBAY;0;;;Si;1;Campańa;996;26/27;;0;0;0;0;0;;;;;;;;;;;;;;;;;;56;0;0;RAFAEL HEISECKE;CENTRO;;0;No
1498;LA TERESA 108 SOJA 26/27;245;LA TERESA;774;108;53;SOJA;36;SOJA;;21,5;61;0;;BELLA VISTA  - AMAMBAY;0;;;Si;1;Campańa;996;26/27;;;;;;;;;;;;;;;;;;;;;;;;56;;;RAFAEL HEISECKE;CENTRO;;0;
1499;LA TERESA 109 SOJA 26/27;245;LA TERESA;850;109;53;SOJA;36;SOJA;;29,5;61;0;;BELLA VISTA  - AMAMBAY;0;;;Si;1;Campańa;996;26/27;;;;;;;;;;;;;;;;;;;;;;;;56;;;RAFAEL HEISECKE;CENTRO;;0;
1500;LA TERESA 110B SOJA 26/27;245;LA TERESA;775;110B;53;SOJA;36;SOJA;;15,46;61;0;0;BELLA VISTA  - AMAMBAY;0;;;Si;1;Campańa;996;26/27;;0;0;0;0;0;;;;;;;;;;;;;;;;;;56;0;0;RAFAEL HEISECKE;CENTRO;;0;No
1501;LA TERESA 110C SOJA 26/27;245;LA TERESA;1184;110C;53;SOJA;36;SOJA;;8,3;61;0;0;BELLA VISTA  - AMAMBAY;0;;;Si;1;Campańa;996;26/27;;0;0;0;0;0;;;;;;;;;;;;;;;;;;56;0;0;RAFAEL HEISECKE;CENTRO;;0;No
1502;LA TERESA 113B SOJA 26/27;245;LA TERESA;1186;113B;53;SOJA;36;SOJA;;12,76;61;0;;BELLA VISTA  - AMAMBAY;0;;;Si;1;Campańa;996;26/27;;;;;;;;;;;;;;;;;;;;;;;;56;;;RAFAEL HEISECKE;CENTRO;;0;
1503;LA TERESA 113C SOJA 26/27;245;LA TERESA;1185;113C;53;SOJA;36;SOJA;;27,73;61;0;;BELLA VISTA  - AMAMBAY;0;;;Si;1;Campańa;996;26/27;;;;;;;;;;;;;;;;;;;;;;;;56;;;RAFAEL HEISECKE;CENTRO;;0;
1504;LA TERESA 111 SOJA 26/27;245;LA TERESA;827;111;53;SOJA;36;SOJA;;16,87;61;0;0;BELLA VISTA  - AMAMBAY;0;;;Si;1;Campańa;996;26/27;;0;0;0;0;0;;;;;;;;;;;;;;;;;;56;0;0;RAFAEL HEISECKE;CENTRO;;0;No
1505;LA TERESA 112A SOJA 26/27;245;LA TERESA;1145;112A;53;SOJA;36;SOJA;;23,58;61;0;;BELLA VISTA  - AMAMBAY;0;;;Si;1;Campańa;996;26/27;;;;;;;;;;;;;;;;;;;;;;;;56;;;RAFAEL HEISECKE;CENTRO;;0;
1506;LA TERESA .48 SORGO 26/27;245;LA TERESA;1088;.48;61;SORGO;66;SORGO;;24,92;61;0;;BELLA VISTA  - AMAMBAY;0;;;Si;1;Campańa;996;26/27;;;;;;;;;;;;;;;;;;;;;;;;56;;;RAFAEL HEISECKE;CENTRO;;0;
1507;LA TERESA .49 SORGO 26/27;245;LA TERESA;1089;.49;61;SORGO;66;SORGO;;24,96;61;0;;BELLA VISTA  - AMAMBAY;0;;;Si;1;Campańa;996;26/27;;;;;;;;;;;;;;;;;;;;;;;;56;;;RAFAEL HEISECKE;CENTRO;;0;
1508;LA TERESA .50 SORGO 26/27;245;LA TERESA;1090;.50;61;SORGO;66;SORGO;;24,66;61;0;;BELLA VISTA  - AMAMBAY;0;;;Si;1;Campańa;996;26/27;;;;;;;;;;;;;;;;;;;;;;;;56;;;RAFAEL HEISECKE;CENTRO;;0;
1509;LA TERESA .51 SORGO 26/27;245;LA TERESA;1091;.51;61;SORGO;66;SORGO;;26,87;61;0;;BELLA VISTA  - AMAMBAY;0;;;Si;1;Campańa;996;26/27;;;;;;;;;;;;;;;;;;;;;;;;56;;;RAFAEL HEISECKE;CENTRO;;0;
1510;LA TERESA .52A SORGO 26/27;245;LA TERESA;1043;.52A;61;SORGO;66;SORGO;;13,7;61;0;;BELLA VISTA  - AMAMBAY;0;;;Si;1;Campańa;996;26/27;;;;;;;;;;;;;;;;;;;;;;;;56;;;RAFAEL HEISECKE;CENTRO;;0;
1511;LA TERESA .27G SORGO 26/27;245;LA TERESA;1183;.27G;61;SORGO;66;SORGO;;8;61;0;0;BELLA VISTA  - AMAMBAY;0;;;Si;1;Campańa;996;26/27;;0;0;0;0;0;;;;;;;;;;;;;;;;;;56;0;0;RAFAEL HEISECKE;CENTRO;;0;No
1512;LA TERESA .22 SOJA 26/27;245;LA TERESA;910;.22;53;SOJA;36;SOJA;;39,76;61;0;0;BELLA VISTA  - AMAMBAY;0;;;Si;1;Campańa;996;26/27;;0;0;0;0;0;;;;;;;;;;;;;;;;;;56;0;0;RAFAEL HEISECKE;CENTRO;;0;No
1513;LA TERESA .25B SOJA 26/27;245;LA TERESA;914;.25B;53;SOJA;36;SOJA;;46,54;61;0;0;BELLA VISTA  - AMAMBAY;0;;;Si;1;Campańa;996;26/27;;0;0;0;0;0;;;;;;;;;;;;;;;;;;56;0;0;RAFAEL HEISECKE;CENTRO;;0;No
1514;LA TERESA .36B ARROZ 26/27;245;LA TERESA;873;.36B;50;ARROZ;42;ARROZ;;21,2;61;0;;BELLA VISTA  - AMAMBAY;0;;;Si;1;Campańa;996;26/27;;;;;;;;;;;;;;;;;;;;;;;;56;;;RAFAEL HEISECKE;CENTRO;;0;
1515;LA TERESA .36D ARROZ 26/27;245;LA TERESA;1194;.36D;50;ARROZ;42;ARROZ;;20,15;61;0;;BELLA VISTA  - AMAMBAY;0;;;Si;1;Campańa;996;26/27;;;;;;;;;;;;;;;;;;;;;;;;56;;;RAFAEL HEISECKE;CENTRO;;0;
1516;LA TERESA .38A ARROZ 26/27;245;LA TERESA;857;.38A;50;ARROZ;42;ARROZ;;37,46;61;0;0;BELLA VISTA  - AMAMBAY;0;;;Si;1;Campańa;996;26/27;;0;0;0;0;0;;;;;;;;;;;;;;;;;;56;0;0;RAFAEL HEISECKE;CENTRO;;0;No
1517;LA TERESA .38B ARROZ 26/27;245;LA TERESA;858;.38B;50;ARROZ;42;ARROZ;;48,54;61;0;0;BELLA VISTA  - AMAMBAY;0;;;Si;1;Campańa;996;26/27;;0;0;0;0;0;;;;;;;;;;;;;;;;;;56;0;0;RAFAEL HEISECKE;CENTRO;;0;No
1518;LA TERESA .39B ARROZ 26/27;245;LA TERESA;883;.39B;50;ARROZ;42;ARROZ;;4,93;61;0;0;BELLA VISTA  - AMAMBAY;0;;;Si;1;Campańa;996;26/27;;0;0;0;0;0;;;;;;;;;;;;;;;;;;56;0;0;RAFAEL HEISECKE;CENTRO;;0;No
1519;LA TERESA .13 SOJA 26/27;245;LA TERESA;751;.13;53;SOJA;36;SOJA;;24,96;61;24,96;0;BELLA VISTA  - AMAMBAY;0;;;Si;1;Campańa;996;26/27;;0;0;0;0;0;;0;0;0;0;0;0;0;0;0;0;0;0;0;0;0;0;56;0;0;RAFAEL HEISECKE;CENTRO;;0;No
1520;LA TERESA .95A SOJA 26/27;245;LA TERESA;928;.95A;53;SOJA;36;SOJA;;26,26;61;0;0;BELLA VISTA  - AMAMBAY;0;;;Si;1;Campańa;996;26/27;;0;0;0;0;0;;;;;;;;;;;;;;;;;;56;0;0;RAFAEL HEISECKE;CENTRO;;0;No
1521;LA TERESA 110A SOJA 26/27;245;LA TERESA;826;110A;53;SOJA;36;SOJA;;15,46;61;0;0;BELLA VISTA  - AMAMBAY;0;;;Si;1;Campańa;996;26/27;;0;0;0;0;0;;;;;;;;;;;;;;;;;;56;0;0;RAFAEL HEISECKE;CENTRO;;0;No
1522;LA TERESA .74A SORGO 26/27;245;LA TERESA;1169;.74A;61;SORGO;66;SORGO;;39,12;61;0;0;BELLA VISTA  - AMAMBAY;0;;;Si;1;Campańa;996;26/27;;0;0;0;0;0;;;;;;;;;;;;;;;;;;56;0;0;RAFAEL HEISECKE;CENTRO;;0;No
1523;LA TERESA .75A SORGO 26/27;245;LA TERESA;1170;.75A;61;SORGO;66;SORGO;;28,72;61;0;0;BELLA VISTA  - AMAMBAY;0;;;Si;1;Campańa;996;26/27;;0;0;0;0;0;;;;;;;;;;;;;;;;;;56;0;0;RAFAEL HEISECKE;CENTRO;;0;No
1524;LA TERESA .69 MAIZ 26/27;245;LA TERESA;848;.69;49;MAIZ;34;MAIZ;;28,78;61;0;0;BELLA VISTA  - AMAMBAY;0;;;Si;1;Campańa;996;26/27;;0;0;0;0;0;;;;;;;;;;;;;;;;;;56;0;0;RAFAEL HEISECKE;CENTRO;;0;No
1525;LA TERESA .70 MAIZ 26/27;245;LA TERESA;847;.70;49;MAIZ;34;MAIZ;;38,65;61;0;0;BELLA VISTA  - AMAMBAY;0;;;Si;1;Campańa;996;26/27;;0;0;0;0;0;;;;;;;;;;;;;;;;;;56;0;0;RAFAEL HEISECKE;CENTRO;;0;No
1526;LA TERESA .71A MAIZ 26/27;245;LA TERESA;1166;.71A;49;MAIZ;34;MAIZ;;14,3;61;0;0;BELLA VISTA  - AMAMBAY;0;;;Si;1;Campańa;996;26/27;;0;0;0;0;0;;;;;;;;;;;;;;;;;;56;0;0;RAFAEL HEISECKE;CENTRO;;0;No
1527;LA TERESA .72A MAIZ 26/27;245;LA TERESA;1167;.72A;49;MAIZ;34;MAIZ;;20,57;61;0;0;BELLA VISTA  - AMAMBAY;0;;;Si;1;Campańa;996;26/27;;0;0;0;0;0;;;;;;;;;;;;;;;;;;56;0;0;RAFAEL HEISECKE;CENTRO;;0;No
1528;LA TERESA .73A MAIZ 26/27;245;LA TERESA;1168;.73A;49;MAIZ;34;MAIZ;;23,81;61;0;0;BELLA VISTA  - AMAMBAY;0;;;Si;1;Campańa;996;26/27;;0;0;0;0;0;;;;;;;;;;;;;;;;;;56;0;0;RAFAEL HEISECKE;CENTRO;;0;No
